NO;created_at;date;time;user_id;username;name;tweet;language;hashtags;Label
1;2020-12-09 09:43:28 SE Asia Standard Time;09/12/2020;09:43:28;1,19E+18;suprabacot;scutellaria;permisi... nitip dong ???? #fyp #pilkadaserentak2020  #PILKADA09122020 #REPUBLIKSULAP #PILKADACOVID  https://t.co/8l6go737jk;in;['fyp', 'pilkadaserentak2020', 'pilkada09122020', 'republiksulap', 'pilkadacovid'];NEG
2;2020-12-30 17:10:40 SE Asia Standard Time;30/12/2020;17:10:40;1,34E+18;kaltimofficial;Kaltim Official;Bukti kesuksessan pemerintah menyelenggarakan Pilkada serentak 2020, tidak ditemukan klaster baru saat pelaksanaan Pilkada.  #COVID19  #pilkada2020  #FPIOrmasRadikalIslam  https://t.co/BNDVXDw0LS;in;['covid19', 'pilkada2020', 'fpiormasradikalislam'];NEG
3;2020-12-30 13:42:30 SE Asia Standard Time;30/12/2020;13:42:30;1,25E+18;bawasludepok_;Bawaslu Kota Depok;Halo #SahabatBawaslu. Depok (30 Desember 2020), Bawaslu Kota Depok menerima penyerahan laporan hasil pemantauan Relawan KISP Kota Depok dalam Penyelenggaraan Pilkada Tahun 2020 di Kota Depok.  #BawasluMengawasi #BawasluKotaDepokKawalPilkada #CegahAwasiTindak #Pilkada2020  https://t.co/OJCIFTFeJg;in;['pilkada2020'];NEG
4;2020-12-30 11:13:50 SE Asia Standard Time;30/12/2020;11:13:50;9,27E+17;informan_exe;informan.exe;#Pilkada #Pilkada2020 #Indonesia #NKRI #NKRIHargaMati  https://t.co/zQ5Z80bugu;und;['pilkada2020'];NEG
5;2020-12-30 10:13:25 SE Asia Standard Time;30/12/2020;10:13:25;9,64E+17;tabanan_polres;Polres Tabanan;Waspada Hoax, Stop Ujaran Kebencian Sukseskan Pilkada 2020 Yang Aman, Damai, Sehat dan Sejuk, Netralitas Polri Harga Mati Patuhi Protokol Kesehatan #pilkada2020 #pilkadaserentak2020 #SatgasNusantara  https://t.co/NB1lAOO3ET;in;['pilkada2020'];NEG
6;2020-12-30 10:09:32 SE Asia Standard Time;30/12/2020;10:09:32;9,64E+17;tabanan_polres;Polres Tabanan;Stop Anarkisme, Stop Radikalisme Waspada Provokasi, Hoax dan Ujaran Kebencian, Sampaikan Aspirasi Dengan Bijak Dan Santun.  #pilkada2020 #pilkadaserentak2020 #SatgasNusantara  https://t.co/XR6akIoaZN;in;['pilkada2020'];NEG
7;2020-12-30 09:35:11 SE Asia Standard Time;30/12/2020;09:35:11;1,26E+18;senhusen99;Jalalaein Husen????;PARTISIPASI MASYARAKAT PADA PILKADA 2020 RELATIF TINGGI  Pilkada di 270 daerah juga berlangsung aman dan lancar meski digelar di tengah pandemi.  #Pilkada2020  https://t.co/UJj2cXyb5a;in;['pilkada2020'];NEG
8;2020-12-30 09:34:55 SE Asia Standard Time;30/12/2020;09:34:55;1,26E+18;senhusen99;Jalalaein Husen????;Selesaikan sengketa PILKADA di jalur konstitusi #Pilkada2020  https://t.co/6tIJi0NeCo;in;['pilkada2020'];NEG
9;2020-12-30 09:33:35 SE Asia Standard Time;30/12/2020;09:33:35;1,26E+18;kaptendarwin99;Darwin is Back????;PARTISIPASI MASYARAKAT PADA PILKADA 2020 RELATIF TINGGI  Pilkada di 270 daerah juga berlangsung aman dan lancar meski digelar di tengah pandemi.  #Pilkada2020  https://t.co/3qB9JJy130;in;['pilkada2020'];NEG
10;2020-12-30 09:33:21 SE Asia Standard Time;30/12/2020;09:33:21;1,26E+18;kaptendarwin99;Darwin is Back????;Selesaikan sengketa PILKADA di jalur konstitusi #Pilkada2020  https://t.co/VdQlxAamK7;in;['pilkada2020'];NEG
11;2020-12-29 12:39:45 SE Asia Standard Time;29/12/2020;12:39:45;308209934;humaspolsulteng;HUMAS POLDA SULTENG;Pilkada sulteng telah selesai, kembali kita eratkan rasa persatuan dan persaudaraan antara sesama . . . #pilkadausai  #damaiindonesiaku  #pilkada2020  https://t.co/tKaTjgx9Ft;in;['pilkada2020', 'pilkada', 'pemilu'];NEG
12;2020-12-29 10:11:26 SE Asia Standard Time;29/12/2020;10:11:26;1,33E+18;cadeliea;Chaca Mira Adeliea;Partisipasi Pilkada 2020 Tinggi, Wujud Kepercayaan Masyarakat Terhadap Proses Demokrasi. . . #pilkada2020 #jagankri???? #damai #Indonesia #jakarta #staysafe  https://t.co/1pkeznhUY5;in;['pilkada2020', 'jagankri', 'damai', 'indonesia', 'jakarta', 'staysafe'];NEG
13;2020-12-29 09:21:23 SE Asia Standard Time;29/12/2020;09:21:23;1,32E+18;marzia_kartika;?Marzia Kartika??????;#Pilkada2020 #pilkadasehatnogolput #pilkadapatuhiaturan  https://t.co/MGmb183f63;und;['pilkada2020', 'kompolmas'];NEG
14;2020-12-28 20:18:52 SE Asia Standard Time;28/12/2020;20:18:52;327169943;mataramnews_id;MataramNews;Puluhan Saksi Ungkap Pelanggaran TSM Pilkada Sumbawa  https://t.co/7pUevfJ9Ct #Pilkada2020;in;['pilkada2020'];NEG
15;2020-12-28 19:30:49 SE Asia Standard Time;28/12/2020;19:30:49;2911375412;rmolbantencom;Republik Merdeka Banten;Gugur Saat Bertugas, Bawaslu Tangsel Berikan Santunan Kepada Dua Pengawas TPS -  https://t.co/d6vhyP6enD  https://t.co/l8Ky9r0LIL #Tangsel #Pilkada2020 @bawaslu_RI @BawasluTangsel  https://t.co/Ri4m7LBJY5;in;['pilkada2020serentak', 'pilkada2020', 'kpu', 'bawaslu', 'pilkada', 'politik', 'kampanye', 'tps', 'lampung', 'lampostco'];NEG
16;2020-12-28 13:55:44 SE Asia Standard Time;28/12/2020;13:55:44;1,18E+18;bawasluponorogo;BAWASLU PONOROGO;MEMILIH TANPA BERSELISIH - SYIAR PENGAWASAN PILKADA 2020 | BAWASLU PONOROGO.  #BawasluPonorogo #bawaslujatim #Pilkada2020   https://t.co/lZSurogyDz;in;['bawasluponorogo', 'bawaslujatim', 'pilkada2020'];NEG
17;2020-12-28 08:52:15 SE Asia Standard Time;28/12/2020;08:52:15;1,25E+18;seputarinfoindo;Seputar Info Indonesia;Pilkada 2020 Berjalan Aman, Lancar dan Tertib  #PilkadaAmanDanSehat #PilkadaTaatiProkes #PilkadaSerentak2020 #Pilkada2020  https://t.co/sKNxiGKKyU;in;['pilkada2020', 'bosan'];NEG
18;2020-12-27 12:04:35 SE Asia Standard Time;27/12/2020;12:04:35;308209934;humaspolsulteng;HUMAS POLDA SULTENG;Yang menang jangan jumawa, yang kalah berlapang dada Siapapun pemenangnya, itulah pilihan rakyat yang harus kita hargai dan hormati . . . #patuhiprotokolkesehatan  #pilkada2020  #patuhiprotokolcovid19  https://t.co/e16bwlPBhB;in;['pilkada2020', 'indonesiamaju'];NEG
19;2020-12-26 07:33:35 SE Asia Standard Time;26/12/2020;07:33:35;231355136;sindonews;SINDOnews;Kalah Telak di Pilkada, Golkar Bandung Mulai Memanas  https://t.co/BxNLTt8Cps #BukanBeritaBiasa #pilkada2020;in;['litbangkompas', 'pilkada2020'];NEG
20;2020-12-25 08:50:30 SE Asia Standard Time;25/12/2020;08:50:30;1,26E+18;senhusen99;Jalalaein Husen????;#Pilkada2020 #pilkadasehatnogolput #pilkadapatuhiaturan  https://t.co/imlV9BDD8L;und;['pilkada2020'];NEG
21;2020-12-24 08:35:00 SE Asia Standard Time;24/12/2020;08:35:00;2714869507;newsmerahputih;newsmerahputih;Bawaslu diminta bersiap menghadapi sengketa perselisihan hasil di MK.  #merahputihcom #bawaslu #pilkada2020 #mahkamahkonstitusi  https://t.co/RPOmiEieD4;in;['pilkada2020', 'bawaslumengawasi', 'cegahawasitindak', 'partisipasimasyarakat'];NEG
22;2020-12-23 19:43:06 SE Asia Standard Time;23/12/2020;19:43:06;1,29E+18;gpkjabar;gerakanpemudkesehatanjabar;Time: Dec 24, 2020 04:00 PM Jakarta  Join Zoom Meeting  https://t.co/9zbeJHFyex  Meeting ID: 938 1660 1900 Passcode: 275913 #pilkada2020  #COVID19  https://t.co/okXUd1RK67;en;['politik', 'politikuang', 'beritapilkada', 'pilkadalampung', 'pilkada2020', 'pilkadaserentak2020', 'lampostco'];NEG
23;2020-12-23 13:00:46 SE Asia Standard Time;23/12/2020;13:00:46;7,46E+17;ivooxid;Ivoox Indonesia;Poin penting dalam konsep pembangunan berkelanjutan adalah pembangunan berbasis hak asasi yang harus menjaga keberlanjutan sebuah pembangunan untuk generasi yang akan datang.  Selengkapnya di  https://t.co/wzZc0G6yzs  #pemilihanserentak #pemilihanserentak2020 #pilkada2020  https://t.co/CpCrSgIwO3;in;['pilkada2020'];NEG
24;2020-12-23 12:38:59 SE Asia Standard Time;23/12/2020;12:38:59;1,29E+18;9pemain;Pemain No.9;saatnya bersatu demi membangun daerah #pilkada2020  https://t.co/mb9sxAdZMP;in;['pilkada2020', 'bawaslumengawasi', 'repost'];NEG
25;2020-12-22 19:43:26 SE Asia Standard Time;22/12/2020;19:43:26;7,46E+17;ivooxid;Ivoox Indonesia;Pelaksanaan Pemilihan Serentak 2020 telah selesai dilaksanakan. Hingga saat ini pemilihan berlangsung aman, damai, dan lancar.  Saat ini menyisakan proses rekapitulasi hasil dan menunggu penetapan pemenang dari KPU.  #pemilihanserentak #pemilihanserentak2020 #pilkada2020  https://t.co/QOuFXx5fPh;in;['pilkada2020serentak', 'pilkada2020', 'kpu', 'bawaslu', 'pilkada', 'politik', 'kampanye', 'tps', 'golkar', 'lampung', 'lampostco'];NEG
26;2020-12-22 14:17:34 SE Asia Standard Time;22/12/2020;14:17:34;1566069348;umr_55;?????Politic_NKRI????;#pilkada2020  #pilkadadamaitaatprokes  https://t.co/mZ8Ofe6PPe;und;['pilkadaserentak', 'pilkada2020', 'pemilihanserentak', 'pemilihanserentak2020'];NEG
27;2020-12-22 13:18:56 SE Asia Standard Time;22/12/2020;13:18:56;9,64E+17;tabanan_polres;Polres Tabanan;Siapapun Pilihannya, Siapapun Pemimpinnya Tetap Jaga Kerukunan dan Nilai Persaudaraan  Sukseskan Pilkada 2020 Yang Aman, Damai, Sehat dan Sejuk, Netralitas Polri Harga Mati Patuhi Protokol Kesehatan #pilkada2020 #pilkadaserentak2020 #SatgasNusantara  https://t.co/1Q1SDc8m9Z;in;['pilkada2020'];NEG
28;2020-12-22 13:16:50 SE Asia Standard Time;22/12/2020;13:16:50;9,64E+17;tabanan_polres;Polres Tabanan;Stop Anarkisme, Stop Radikalisme Waspada Provokasi, Hoax dan Ujaran Kebencian, Sampaikan Aspirasi Dengan Bijak Dan Santun.  #pilkada2020 #pilkadaserentak2020 #SatgasNusantara  https://t.co/3hprZw7v1v;in;['pilkada2020'];NEG
29;2020-12-21 20:39:52 SE Asia Standard Time;21/12/2020;20:39:52;8,03E+17;turnbackhoax;MAFINDO;3 PERINGKAT TERATAS PERIKSA FAKTA MAFINDO HOAKS PILKADA 2020 PERIODE 12-18 DESEMBER 2020    https://t.co/Rn2f2QJLWI #MahasiswaPeriksaHoaksPilkada2020 #Pilkada2020 #CekFaktaPilkada2020   Hai MAFINDOERS! Kini MAFINDO kembali dengan konten 3 PERINGKAT TERATAS ...;in;['pilkada2020serentak', 'pilkada2020', 'kpu', 'bawaslu', 'pilkada', 'politik', 'kampanye', 'tps', 'lampung', 'lampostco'];NEG
30;2020-12-21 18:46:54 SE Asia Standard Time;21/12/2020;18:46:54;9,62E+17;lampostco;Lampung Post (Official);Pelantikan Wali Kota dan Wakil Wali Kota Bandar Lampung terpilih, Eva Dwiana dan Deddy Amarullah akan dilaksanakan setelah adanya keputusan MK. #pilkada2020serentak #Pilkada2020  #kpu #bawaslu #pilkada #Politik #kampanye #TPS #lampung #lampostco  https://t.co/TL0sFVLeDD;in;['dkppri', 'kenalidkpp', 'pilkada2020'];NEG
31;2020-12-21 12:54:31 SE Asia Standard Time;21/12/2020;12:54:31;9,64E+17;tabanan_polres;Polres Tabanan;Waspada Hoax, Stop Ujaran Kebencian Sukseskan Pilkada 2020 Yang Aman, Damai, Sehat dan Sejuk, Netralitas Polri Harga Mati Patuhi Protokol Kesehatan #pilkada2020 #pilkadaserentak2020 #satgasnusantara  https://t.co/QHI3iAwyYC;in;['pilkada2020'];NEG
32;2020-12-21 12:23:54 SE Asia Standard Time;21/12/2020;12:23:54;2295403266;majalah_gatra;Majalah GATRA;Di mana, kecurangan itu lalu berakibat pada perolehan hasil calon. Menurut Titi, memang tidak mudah untuk membuktikan praktik TSM itu. #Pilkada2020;in;['pilkada2020'];NEG
33;2020-12-21 12:23:54 SE Asia Standard Time;21/12/2020;12:23:54;2295403266;majalah_gatra;Majalah GATRA;Jadi persoalan konteks terstruktur, sistematis dan masif dari suatu kecuranganlah yang harus mampu dibuktikan di persidangan sengketa hasil di MK. #Pilkada2020;in;['pilkada2020'];NEG
34;2020-12-21 12:23:51 SE Asia Standard Time;21/12/2020;12:23:51;2295403266;majalah_gatra;Majalah GATRA;Sayangnya, di tengah kemenangan itu, isu miring seputar lolosnya paslon Bagyo Wahyono-F.X Supardjo (Bajo) lewat jalur independen dikaitkan dengan eksistensi Gibran agar tidak melawan kotak kosong. #pilkada2020;in;['pilkada2020'];NEG
35;2020-12-21 12:23:51 SE Asia Standard Time;21/12/2020;12:23:51;2295403266;majalah_gatra;Majalah GATRA;Kemenangan Gibran pastinya mengukuhkan politik dinasti JokowiäóÁí?íñyang sebelumnya pun merintis karier awal sebagai Wali Kota Surakarta. #Pilkada2020;in;['pilkada2020'];NEG
36;2020-12-21 12:23:50 SE Asia Standard Time;21/12/2020;12:23:50;2295403266;majalah_gatra;Majalah GATRA;Di lain daerah, putra sulung Presiden @jokowi , Gibran Rakabuming Raka, mampu menang besar. Paslon Gibran-Teguh meraih 86,5% dengan perolehan 225.419 suara. #Pilkada2020;in;['pilkada2020'];NEG
37;2020-12-21 11:43:09 SE Asia Standard Time;21/12/2020;11:43:09;1,27E+18;kesambenhumas;Polsek Kesamben HUMAS;Hargai perbedaan tetap menerima hasil kemenangan untuk menciptakan pilkada damai dan aman  #pilkada2020 #pilkadadamai #pilkadablitar  https://t.co/gVdcoYyIyW;in;['pilkadaserentak', 'pilkada2020', 'pemilihanserentak', 'pemilihanserentak2020'];NEG
38;2020-12-21 08:20:06 SE Asia Standard Time;21/12/2020;08:20:06;553666338;rantaipersatuan;Rantai Persatuan;Kesuksesan Pilkada karena banyak terobosan dan mendongkrak ekonomi  #Pilkada2020 #IndonesiaMaju  https://t.co/Ka3ipIJ5pt;in;['pilkada2020'];NEG
39;2020-12-20 09:53:59 SE Asia Standard Time;20/12/2020;09:53:59;9,75E+17;dacrniel;Randy Aldino;Pilkada aman, semoga pemimpin terpilih amanah. #Pilkada2020 #Pilkadasukses #Indonesia #Pemilu  https://t.co/oM5MSR4cfR;in;['pilkada2020'];NEG
40;2020-12-20 09:28:22 SE Asia Standard Time;20/12/2020;09:28:22;9,64E+17;tabanan_polres;Polres Tabanan;Waspada Hoax, Stop Ujaran Kebencian Sukseskan Pilkada 2020 Yang Aman, Damai, Sehat dan Sejuk, Netralitas Polri Harga Mati Patuhi Protokol Kesehatan #pilkada2020 #pilkadaserentak2020 #SatgasNusantara  https://t.co/l8Lkx7kvKa;in;['pilkada2020'];NEG
41;2020-12-20 09:25:02 SE Asia Standard Time;20/12/2020;09:25:02;1,32E+18;marzia_kartika;?Marzia Kartika??????;PGI APRESIASI PILKADA SERENTAK SUKSES DIGELAR DI TENGAN PANDEMI  #Pilkada2020  https://t.co/xFIrhUSjT6;in;['pilkada2020'];NEG
42;2020-12-12 07:51:58 SE Asia Standard Time;12/12/2020;07:51:58;67983505;kojekrapbetawi;Muhammad Amrullah;Selamat pagi Indonesia #pilkadacovid  https://t.co/yvgMpqLNgG;in;['pilkadacovid'];POS
43;2020-12-10 01:28:58 SE Asia Standard Time;10/12/2020;01:28:58;3063826036;benar_berita;BenarNews Indonesia;Hasil Hitung Cepat: Anak dan Menantu Jokowi Menangi Pilkada. Partisipasi pemilih rendah, Menkopolhukam tekankan tak ada kaitan naiknya kasus COVID-19 dengan Pilkada #Pilkada2020 #PilkadaCOVID @jokowi @perludem .  https://t.co/IWuLKM8cWO;in;['pilkada2020', 'pilkadacovid'];POS
44;2020-12-05 13:06:09 SE Asia Standard Time;05/12/2020;13:06:09;1,25E+18;lestarisarmi;Sarmi Lestari;pilkada2020 #pilkadacovid #pilkadamaut  Data per 3/12/2020 terdapat penambahan sebanyak 8.369 kasus positif covid dimana jumlah kematian sudah mencapai 17.355 orang. Astaghfirullah !!! Bukankah pilkada akan membuat semakin banyak orang untuk berkumpul dan bisa menambah lonjakan  https://t.co/CPNhjIXjXM;in;['pilkadacovid', 'pilkadamaut'];POS
45;2020-12-30 20:26:49 SE Asia Standard Time;30/12/2020;20:26:49;8,87E+17;bawaslujatim;Bawaslu Jatim;Evaluasi Media Sosial Bawaslu Jatim, Youtube Paling Menarik  Cek selengkapnya di:  https://t.co/KMyUWHyTYo  #bawaslujatim #bawaslujawatimur #sahabatbawaslu #salamawas #ayoawasi #bawaslumengawasi #cegah #awasi #tindak #pilkada2020;in;['bawaslujatim', 'bawaslujawatimur', 'sahabatbawaslu', 'salamawas', 'ayoawasi', 'bawaslumengawasi', 'cegah', 'awasi', 'tindak', 'pilkada2020'];POS
46;2020-12-30 15:56:39 SE Asia Standard Time;30/12/2020;15:56:39;1,25E+18;seputarinfoindo;Seputar Info Indonesia;Pilkada 2020 Berjalan Aman, Lancar dan Tertib  #PilkadaAmanDanSehat #PilkadaTaatiProkes #PilkadaSerentak2020 #Pilkada2020  https://t.co/YWlODcOadV;in;['pilkadaamandansehat', 'pilkadataatiprokes', 'pilkadaserentak2020', 'pilkada2020'];POS
47;2020-12-30 15:56:31 SE Asia Standard Time;30/12/2020;15:56:31;1,25E+18;seputarinfoindo;Seputar Info Indonesia;Pilkada 2020 Berjalan Aman, Lancar dan Tertib  #PilkadaAmanDanSehat #PilkadaTaatiProkes #PilkadaSerentak2020 #Pilkada2020  https://t.co/6lAK9AUPjm;in;['pilkadaamandansehat', 'pilkadataatiprokes', 'pilkadaserentak2020', 'pilkada2020'];POS
48;2020-12-30 15:39:45 SE Asia Standard Time;30/12/2020;15:39:45;1,11E+18;marjenrokcalva;Rokcalva;@KEMENPORA_RI Buka Peluang Sumbar Jadi Tuan Rumah JPI Tahun 2021 #COVID19 #Pilkada2020 #PilkadaSerentak2020 #COVID  #sumbar #beritaminangcom #beritaminang #minanghebat #sumbarbermartabat  https://t.co/ZrZ9DSAxrn;in;['bawaslumengawasi', 'bawaslukotadepokkawalpilkada', 'cegahawasitindak', 'pilkada2020'];POS
49;2020-12-30 11:18:14 SE Asia Standard Time;30/12/2020;11:18:14;9,27E+17;informan_exe;informan.exe;#Pilkada #Pilkada2020 #Indonesia #NKRI #NKRIHargaMati  https://t.co/EIHDABfbDz;und;['pilkada2020'];POS
50;2020-12-30 10:51:02 SE Asia Standard Time;30/12/2020;10:51:02;9,26E+17;mustofa_somad;Mustofa Somad;Pilkada 2020 Minim Pelanggaran  #Pilkada2020  https://t.co/R2dqc4PAwg;in;['pilkada2020'];POS
51;2020-12-30 10:50:48 SE Asia Standard Time;30/12/2020;10:50:48;9,26E+17;mustofa_somad;Mustofa Somad;#PilkadaSerentak #Pilkada2020 #pilkadasehattaati3m  https://t.co/crmnOxXm2a;und;['pilkada2020', 'pilkadaserentak2020', 'satgasnusantara'];POS
52;2020-12-30 10:50:24 SE Asia Standard Time;30/12/2020;10:50:24;1,19E+18;suryono46350704;Suryono;Keberhasilan Pilkada 2020 Bukti Indonesia Negara Kuat  #Pilkada2020  https://t.co/X7s7Gu2JVs;in;['pilkada2020', 'pilkadaserentak2020', 'satgasnusantara'];POS
53;2020-12-30 10:50:05 SE Asia Standard Time;30/12/2020;10:50:05;1,19E+18;suryono46350704;Suryono;Pilkada 2020 Minim Pelanggaran  #Pilkada2020  https://t.co/spupxtmKnE;in;['pilkada2020', 'pilkadaserentak2020', 'satgasnusantara'];POS
54;2020-12-30 10:11:43 SE Asia Standard Time;30/12/2020;10:11:43;9,64E+17;tabanan_polres;Polres Tabanan;Siapapun Pilihannya, Siapapun Pemimpinnya Tetap Jaga Kerukunan dan Nilai Persaudaraan  Sukseskan Pilkada 2020 Yang Aman, Damai, Sehat dan Sejuk, Netralitas Polri Harga Mati Patuhi Protokol Kesehatan #pilkada2020 #pilkadaserentak2020 #SatgasNusantara  https://t.co/W69lv325vP;in;['pilkada2020'];POS
55;2020-12-30 09:35:26 SE Asia Standard Time;30/12/2020;09:35:26;1,26E+18;senhusen99;Jalalaein Husen????;PILKADA 2020 momentum konsolidasi demokrasi #Pilkada2020  https://t.co/UpWW83VRfW;in;['pilkada2020'];POS
56;2020-12-30 09:35:03 SE Asia Standard Time;30/12/2020;09:35:03;1,26E+18;senhusen99;Jalalaein Husen????;PILKADA 2020 MINIM PELANGGARAN  Minimnya pelanggaran kode etik bagi penyelenggara tidak terlepas dari koordinasi  #Pilkada2020  https://t.co/fgvRmz8zjJ;in;['pilkada2020'];POS
57;2020-12-30 09:33:48 SE Asia Standard Time;30/12/2020;09:33:48;1,26E+18;kaptendarwin99;Darwin is Back????;PILKADA 2020 momentum konsolidasi demokrasi #Pilkada2020  https://t.co/FbUHGahbxM;in;['pilkada2020'];POS
58;2020-12-30 09:33:28 SE Asia Standard Time;30/12/2020;09:33:28;1,26E+18;kaptendarwin99;Darwin is Back????;PILKADA 2020 MINIM PELANGGARAN  Minimnya pelanggaran kode etik bagi penyelenggara tidak terlepas dari koordinasi  #Pilkada2020  https://t.co/o3HIiMRGPT;in;['pilkada2020'];POS
59;2020-12-30 09:32:28 SE Asia Standard Time;30/12/2020;09:32:28;1,32E+18;marzia_kartika;?Marzia Kartika??????;PILKADA 2020 momentum konsolidasi demokrasi #Pilkada2020  https://t.co/WYKs64gesB;in;['pilkada2020'];POS
60;2020-12-30 09:32:22 SE Asia Standard Time;30/12/2020;09:32:22;1,32E+18;marzia_kartika;?Marzia Kartika??????;PILKADA 2020 MINIM PELANGGARAN  Minimnya pelanggaran kode etik bagi penyelenggura tidak terlepas dari koordinasi  #Pilkada2020  https://t.co/LrAyfHYX1S;in;['pilkada2020', 'indonesiamaju'];POS
61;2020-12-29 15:41:18 SE Asia Standard Time;29/12/2020;15:41:18;1,20E+18;falling_don;Sekilas Pesona Bangkep;Pilkada sulteng telah selesai, kembali kita eratkan rasa persatuan dan persaudaraan antara sesama . . . #pilkadausai  #damaiindonesiaku  #pilkada2020  https://t.co/512w9WSHpJ;in;['pilkadaamandansehat', 'pilkadataatiprokes', 'pilkadaserentak2020', 'pilkada2020'];POS
62;2020-12-29 14:30:00 SE Asia Standard Time;29/12/2020;14:30:00;8,31E+17;indonesiabaikid;Indonesia Baik;"Hai SohIB!  Pemungutan suara pada #PemilihanSerentak2020 telah selesai.  Tahapan selanjutnya adalah penghitungan &amp; #RekapitulasiSuara.  @KPU_ID #IndonesiaBaik #YangMudaSukaData #Infografis #ProgramPemerintah #Pilkada2020 #COVID19  https://t.co/ktJWzj5xBA";in;['pilkadaamandansehat', 'pilkadataatiprokes', 'pilkadaserentak2020', 'pilkada2020'];POS
63;2020-12-29 12:42:12 SE Asia Standard Time;29/12/2020;12:42:12;308209934;humaspolsulteng;HUMAS POLDA SULTENG;CIRI KHAS BANGSA KITA Poldasinya adalah gotong royong, tiangnya adalah kebersamaan, Atapnya adalah kerukunan. . . . #pilkadadamai  #pilkadausai  #pilkada2020  https://t.co/29UeFnTf0u;in;['bawaslujatim', 'bawaslujawatimur', 'sahabatbawaslu', 'salamawas', 'ayoawasi', 'bawaslumengawasi', 'cegah', 'awasi', 'tindak', 'pilkada2020', 'sidangadministrasi', 'sidang'];POS
64;2020-12-29 11:47:19 SE Asia Standard Time;29/12/2020;11:47:19;1,25E+18;seputarinfoindo;Seputar Info Indonesia;Pilkada 2020 Berjalan Aman, Lancar dan Tertib  #PilkadaAmanDanSehat #PilkadaTaatiProkes #PilkadaSerentak2020 #Pilkada2020  https://t.co/gMVRaKXVAH;in;['bawaslujatim', 'bawaslujawatimur', 'cegah', 'bawaslumengawasi', 'sahabatbawaslu', 'salamawas', 'ayoawasi', 'awasi', 'tindak', 'pilkada2020', 'podcastbawaslujatim', 'podcast'];POS
65;2020-12-29 11:22:29 SE Asia Standard Time;29/12/2020;11:22:29;8,87E+17;bawaslujatim;Bawaslu Jatim;Live Now Sidang Administrasi TSM  Pemilihan Kepala Daerah Kota Surabaya Tahun 2020   https://t.co/9I1tSxZZir  #bawaslujatim #bawaslujawatimur #sahabatbawaslu #salamawas #ayoawasi #bawaslumengawasi #cegah #awasi #tindak #pilkada2020 #sidangadministrasi #sidang;in;['pilkada2020'];POS
66;2020-12-29 10:29:15 SE Asia Standard Time;29/12/2020;10:29:15;1,32E+18;abuzamzamm;Wirosaableng;Meski ada Kekurangan Pilkada Serentak 2020 Sukses  #Pilkada2020  https://t.co/W1iXHaskkH;in;['pilkada2020', 'indonesiamaju'];POS
67;2020-12-29 10:29:06 SE Asia Standard Time;29/12/2020;10:29:06;1,32E+18;abuzamzamm;Wirosaableng;Saatnya Kita Bersatu Demi Membangun Daerah  #Pilkada2020  https://t.co/5zLMkp1beV;in;['pilkada2020', 'jagankri', 'damai', 'indonesia', 'jakarta', 'staysafe'];POS
68;2020-12-29 10:28:55 SE Asia Standard Time;29/12/2020;10:28:55;1,32E+18;abuzamzamm;Wirosaableng;PILKADA Telah usai, Lakukan Gugatan Melalui Jalur Konstitusi  #pilkada2020  https://t.co/AjJn3N9Ldh;in;['pilkada2020', 'jagankri', 'damai', 'indonesia', 'jakarta', 'staysafe'];POS
69;2020-12-29 10:13:26 SE Asia Standard Time;29/12/2020;10:13:26;553666338;rantaipersatuan;Rantai Persatuan;Keberhasilan Pilkada 2020 patut diapresiasi. Partisipasi masyarkat meningkat dan tidak ada klaster baru.  #Pilkada2020 #IndonesiaMaju  https://t.co/VhkZbWQoN4;in;['pilkada2020', 'jagankri', 'damai', 'indonesia', 'jakarta', 'staysafe'];POS
70;2020-12-29 09:21:28 SE Asia Standard Time;29/12/2020;09:21:28;1,32E+18;marzia_kartika;?Marzia Kartika??????;#Pilkada2020 #pilkadasehatnogolput #pilkadapatuhiaturan  https://t.co/tRyNHEgHi5;und;['pilkada2020'];POS
71;2020-12-29 06:08:14 SE Asia Standard Time;29/12/2020;06:08:14;49534210;yoeskenawas;Yoes C. Kenawas;"Artikel opini saya ""Politik Dinasti dan Masa Depan Pilkada Langsung"" kemarin dimuat di @hariankompas. Ada update data soal partisipasi dan performa politisi dinasti di #pilkada2020.   https://t.co/FZODApoSlA";in;['tentanggolkar', 'partaigolkar', 'golkarindonesia', 'airlanggahartarto', 'ampg', 'pilkada2020', 'golkarmenang'];POS
72;2020-12-28 20:20:06 SE Asia Standard Time;28/12/2020;20:20:06;1,19E+18;alfariz74346453;Alfa Rizki;Mari merajut persatuan dan mendukung calon kepala daerah terpilih  #Pilkada2020  https://t.co/2clPIyNq8Y;in;['bawaslujatim', 'bawaslujawatimur', 'cegah', 'bawaslumengawasi', 'sahabatbawaslu', 'salamawas', 'ayoawasi', 'awasi', 'tindak', 'pilkada2020'];POS
73;2020-12-28 20:17:52 SE Asia Standard Time;28/12/2020;20:17:52;9,84E+17;golkar2024;Golkar 2024;Banyaknya kader muda yang diusung  menjadikan Partai Golkar sebagai partai milenial.  #Tentanggolkar #PartaiGolkar #GolkarIndonesia #AirlanggaHartarto #AMPG #Pilkada2020 #GolkarMenang;in;['pilkadadamai', 'pilkadacintankri', 'pilkada2020'];POS
74;2020-12-28 18:29:01 SE Asia Standard Time;28/12/2020;18:29:01;8,87E+17;bawaslujatim;Bawaslu Jatim;Evaluasi Pilkada, DPRD Bali Kunjungan Kerja ke Bawaslu Jawa Timur  Cek selengkapnya di :  https://t.co/GWplsNxtr4  #bawaslujatim #bawaslujawatimur #cegah #bawaslumengawasi #sahabatbawaslu #salamawas #ayoawasi #awasi #tindak #pilkada2020;in;['efekpilkada', 'rapidantigen', 'pilkada2020'];POS
75;2020-12-28 13:12:08 SE Asia Standard Time;28/12/2020;13:12:08;1,27E+18;rajoviral;Datuk Rajo Viral;Pelanggaran Pilkada 2020 menurun  #pilkada2020  https://t.co/y3HzUx482W;in;['pilkada2020', 'pilkadaserentak2020', 'satgasnusantara'];POS
76;2020-12-28 13:12:06 SE Asia Standard Time;28/12/2020;13:12:06;1,27E+18;rajoviral;Datuk Rajo Viral;Pilkada telah usai, lakukan gugatan melalui jalur konstitusi. #pilkada2020  https://t.co/VB4VtlHLUG;in;['pilkada2020', 'pilkadaserentak2020', 'satgasnusantara'];POS
77;2020-12-28 13:07:01 SE Asia Standard Time;28/12/2020;13:07:01;1,18E+18;bawasluponorogo;BAWASLU PONOROGO;DI BALIK LAYAR FILM äóÁí?íTHE CANDIDATEäóÁí?Œ BAWASLU PONOROGO - Podcast Bawaslu Jatim.  #BawasluPonorogo #bawaslujatim #Pilkada2020    https://t.co/u6hGaXASPb;in;['pilkada2020', 'pilkadaserentak2020', 'satgasnusantara'];POS
78;2020-12-28 12:46:29 SE Asia Standard Time;28/12/2020;12:46:29;9,64E+17;tabanan_polres;Polres Tabanan;Waspada Hoax, Stop Ujaran Kebencian Sukseskan Pilkada 2020 Yang Aman, Damai, Sehat dan Sejuk, Netralitas Polri Harga Mati Patuhi Protokol Kesehatan #pilkada2020 #pilkadaserentak2020 #SatgasNusantara  https://t.co/7wGURU29Cw;in;['patuhiprotokolkesehatan', 'pilkada2020', 'patuhiprotokolcovid19'];POS
79;2020-12-28 12:44:21 SE Asia Standard Time;28/12/2020;12:44:21;9,64E+17;tabanan_polres;Polres Tabanan;Stop Anarkisme, Stop Radikalisme Waspada Provokasi, Hoax dan Ujaran Kebencian, Sampaikan Aspirasi Dengan Bijak Dan Santun.  #pilkada2020 #pilkadaserentak2020 #SatgasNusantara  https://t.co/3rJXKch0y3;in;['bawaslujatim', 'bawaslujawatimur', 'sahabatbawaslu', 'salamawas', 'ayoawasi', 'bawaslumengawasi', 'cegah', 'awasi', 'tindak', 'pilkada2020', 'sidangadministrasi', 'sidang'];POS
80;2020-12-28 10:04:52 SE Asia Standard Time;28/12/2020;10:04:52;1,19E+18;suryono46350704;Suryono;Pilkada Telah Selesai, Percayakan Gugatan Pilkada Pada MK  #Pilkada2020  https://t.co/OuWVplH1qh;in;['pilkadadamai', 'pilkadacintankri', 'pilkada2020'];POS
81;2020-12-28 09:41:22 SE Asia Standard Time;28/12/2020;09:41:22;1,27E+18;brambudi9;Nusantara_Update;pilwakot selesai ssaatnya membangun  . #Pilkada2020 #PilkadaSehatPatuhProkes #pilkadaserentak2020 #PilkadaTanpaKerumunan #IndonesiaMaju #Indonesiahebat #BangkitdariPandemi #Pilkada2020 ....  https://t.co/Jt8tge4TBe;in;['pilkadadamai', 'pilkadacintankri', 'pilkada2020'];POS
82;2020-12-28 09:41:17 SE Asia Standard Time;28/12/2020;09:41:17;1,27E+18;brambudi9;Nusantara_Update;. #Pilkada2020 #PilkadaSehatPatuhProkes #pilkadaserentak2020 #PilkadaTanpaKerumunan #IndonesiaMaju #Indonesiahebat #BangkitdariPandemi #Pilkada2020 ...  https://t.co/oiBJDza0sA;und;['pilkada2020', 'indonesiamaju'];POS
83;2020-12-28 09:20:10 SE Asia Standard Time;28/12/2020;09:20:10;9,98E+17;polsekwonotirto;Polsek Wonotirto;Mari kita wujudkan pilkada damai dengan menghargai dan mendukung hasil pilkada #pilkadadamai #pilkadacintaNKRI #pilkada2020  https://t.co/vatBobPJfh;in;['pilkadaamandansehat', 'pilkadataatiprokes', 'pilkadaserentak2020', 'pilkada2020'];POS
84;2020-12-28 09:00:09 SE Asia Standard Time;28/12/2020;09:00:09;1,05E+18;bawasluppu;Bawasluppu;[KISAH PENGAWAS]  Sunoto, seorang petarung sekaligus atlet Mixed Martial Arts (MMA) atau seni bela diri campuran mendaftarkan diri sebagai Pengawas TPS 8 Desa Jepangrejo, Kecamatan Blora, Kabupaten Blora, Jawa Tengah pada Pemilihan Serentak 2020.  #PTPS #Pilkada2020 #MMA  https://t.co/mVcJNCYZB5;in;['pilkadaamandansehat', 'pilkadataatiprokes', 'pilkadaserentak2020', 'pilkada2020'];POS
85;2020-12-28 08:59:30 SE Asia Standard Time;28/12/2020;08:59:30;1,27E+18;selopurohumas;humas selopuro news;Mari kita wujudkan pilkada damai dengan menghargai dan mendukung hasil pilkada #pilkadadamai #pilkadacintaNKRI #pilkada2020  https://t.co/s1WVaJNxrT;in;['pilkadaamandansehat', 'pilkadataatiprokes', 'pilkadaserentak2020', 'pilkada2020'];POS
86;2020-12-28 08:52:02 SE Asia Standard Time;28/12/2020;08:52:02;1,25E+18;seputarinfoindo;Seputar Info Indonesia;Pilkada 2020 Berjalan Aman, Lancar dan Tertib  #PilkadaAmanDanSehat #PilkadaTaatiProkes #PilkadaSerentak2020 #Pilkada2020  https://t.co/kSw0TFRqwO;in;['pilkada2020'];POS
87;2020-12-28 08:34:08 SE Asia Standard Time;28/12/2020;08:34:08;9,71E+17;babel_bawaslu;Bawaslu Provinsi Kepulauan Bangka Belitung;[KISAH PENGAWAS] Sunoto, seorang petarung sekaligus atlet Mixed Martial Arts (MMA) atau seni bela diri campuran mendaftarkan diri sebagai Pengawas TPS 8 Desa Jepangrejo, Kecamatan Blora, Kabupaten Blora, Jawa Tengah pada Pemilihan Serentak 2020.  #KisahPengawas #Pilkada2020 #MMA  https://t.co/fbH8wcuqWW;in;['pilkada2020'];POS
88;2020-12-27 22:06:50 SE Asia Standard Time;27/12/2020;22:06:50;1,27E+18;rizalkaitam3;Rizal Kaitam;Belum ada pembahasan yang lainí«?. Semua masih seputaran #pilkada2020  lamaí«? bosan juga lihatnya...???? #Bosan;in;['pilkada2020'];POS
89;2020-12-27 21:18:11 SE Asia Standard Time;27/12/2020;21:18:11;1,22E+18;warjasa;WINNER PATRANG;Stop Hoax Paska Pilkada Jember 2020 Demi terwujudnya Masyarakat Aman Dan Damai #Pilkada2020  https://t.co/bLAruWCUc3;in;['pilkada2020'];POS
90;2020-12-27 21:16:16 SE Asia Standard Time;27/12/2020;21:16:16;1,22E+18;warjasa;WINNER PATRANG;Paska Pilkada Jember 2020 Tetap Patuhi Protokol Kesehatan Demi terwujudnya Masyarakat Sehat Aman Dan Damai #Pilkada2020  https://t.co/9tsxRsfurY;in;['pilkada2020'];POS
91;2020-12-27 21:15:39 SE Asia Standard Time;27/12/2020;21:15:39;1,08E+18;lampungpostid;LampungPostId;Mahkamah Konstitusi  dibanjiri permohonan gugatan terkait Pemilihan Kepala Daerah 2020.   #pilkada2020 #pilkada #pilkadadamaitaatprokes #pemilu #pemilihanumum #lampungpostid   https://t.co/jxO3rpPZ2m;in;['pilkada2020'];POS
92;2020-12-27 21:11:00 SE Asia Standard Time;27/12/2020;21:11:00;1,22E+18;warjasa;WINNER PATRANG;Paska Pilkada Serentak 2020 Millenials Patuh Prokes Masyarakat Sehat Aman Dan Damai #Pilkada2020  https://t.co/2ghCEsgpyY;in;['bawaslujatim', 'bawaslujawatimur', 'sahabatbawaslu', 'salamawas', 'ayoawasi', 'bawaslumengawasi', 'cegah', 'awasi', 'tindak', 'pilkada2020'];POS
93;2020-12-27 21:08:29 SE Asia Standard Time;27/12/2020;21:08:29;1,22E+18;warjasa;WINNER PATRANG;Corona Virus Sirna Usai Pilkada Serentak 2020 Masyarakat Sehat Aman Dan Damai #Pilkada2020  https://t.co/PJz8xuu9CA;in;['kisahpengawas', 'pilkada2020', 'mma'];POS
94;2020-12-27 21:05:38 SE Asia Standard Time;27/12/2020;21:05:38;1,22E+18;warjasa;WINNER PATRANG;Pilkada Serentak 2020 Berlalu Covid-19 Tiada Masyarakat Aman Dan Damai #Pilkada2020  https://t.co/8AqHOvFyHF;in;['pilkada2020', 'pilkadaserentak2020', 'satgasnusantara'];POS
95;2020-12-27 17:51:40 SE Asia Standard Time;27/12/2020;17:51:40;1,19E+18;alfariz74346453;Alfa Rizki;Pilkada Usai Rajut kembali persatuan  #pilkada2020  https://t.co/jz020lYx9D;in;['pilkada2020', 'pilkadaserentak2020', 'satgasnusantara'];POS
96;2020-12-27 17:43:56 SE Asia Standard Time;27/12/2020;17:43:56;8,87E+17;bawaslujatim;Bawaslu Jatim;Bawaslu Jatim Sosialisasikan Pembinaan Internal Pengawas  Cek selengkapnya di:  https://t.co/tR78bMiRIA  #bawaslujatim #bawaslujawatimur #sahabatbawaslu #salamawas #ayoawasi #bawaslumengawasi #cegah #awasi #tindak #pilkada2020;in;['pilkada2020', 'pilkadaserentak2020', 'satgasnusantara'];POS
97;2020-12-27 13:17:35 SE Asia Standard Time;27/12/2020;13:17:35;7,63E+17;bawaslu_ri;Bawaslu RI;"Ketertarikan Sunoto menjadi seorang pengawas karena ingin mengabdikan diringa berguna bagi daerahnya. ""Saya ingin mengabdi kepada Blora dengan menjadi pengawas TPS untjk mensukseskan demokrasi di tempat saya,"" tegas Sunoto.  #KisahPengawas #Pilkada2020 #MMA";in;['patuhiprotokolkesehatan', 'pilkada2020', 'patuhiprotokolcovid19'];POS
98;2020-12-27 08:57:59 SE Asia Standard Time;27/12/2020;08:57:59;553666338;rantaipersatuan;Rantai Persatuan;Jika masih ada pihak yang belum puas dengan hasil Pilkada 2020, selesaikan melalui Mahkamah Konstitusi.  #Pilkada2020 #IndonesiaMaju  https://t.co/hSCLmlqzbs;in;['bawaslujatim', 'bawaslujawatimur', 'sahabatbawaslu', 'salamawas', 'ayoawasi', 'bawaslumengawasi', 'cegah', 'awasi', 'tindak', 'pilkada2020'];POS
99;2020-12-27 08:25:51 SE Asia Standard Time;27/12/2020;08:25:51;1100640235;dikapradik;dika pramono;#pilkada2020  https://t.co/HG2XXof1xP;und;['pilkadaamandansehat', 'pilkadataatiprokes', 'pilkadaserentak2020', 'pilkada2020'];POS
100;2020-12-26 20:27:00 SE Asia Standard Time;26/12/2020;20:27:00;1,19E+18;alfariz74346453;Alfa Rizki;Pilkada telah usai, Mari kita bersatu kembali walaupun beda pilihan.  #pilkada2020  https://t.co/UKvJVOZ6bj;in;['pilkadaamandansehat', 'pilkadataatiprokes', 'pilkadaserentak2020', 'pilkada2020'];POS
101;2020-12-26 19:38:24 SE Asia Standard Time;26/12/2020;19:38:24;1,27E+18;harianbatampos;Batam Pos;Kasus Covid-19 Nihil di Pilkada Serentak di Kepri  https://t.co/Ts4kZgWjIQ via @harianbatampos   #covid19 #kepri #Pilkada2020;in;['pilkadaamandansehat', 'pilkadataatiprokes', 'pilkadaserentak2020', 'pilkada2020'];POS
102;2020-12-26 14:21:52 SE Asia Standard Time;26/12/2020;14:21:52;8,87E+17;bawaslujatim;Bawaslu Jatim;Refleksi Pengawasan 2020: Kolaborasi Awasi Pilkada, Riset sampai Pendidikan Partisipatif  Cek selengkapnya di:  https://t.co/QrDIaRaKLv  #bawaslujatim #bawaslujawatimur #sahabatbawaslu #salamawas #ayoawasi #bawaslumengawasi #cegah #awasi #tindak #pilkada2020;in;['pilkadaamandansehat', 'pilkadataatiprokes', 'pilkadaserentak2020', 'pilkada2020'];POS
103;2020-12-26 14:11:42 SE Asia Standard Time;26/12/2020;14:11:42;1,25E+18;seputarinfoindo;Seputar Info Indonesia;Pilkada 2020 Berjalan Aman, Lancar dan Tertib  #PilkadaAmanDanSehat #PilkadaTaatiProkes #PilkadaSerentak2020 #Pilkada2020  https://t.co/2ZaVqude1a;in;['kadernasdem', 'pilkada2020', 'nasdemlingga'];POS
104;2020-12-26 14:11:16 SE Asia Standard Time;26/12/2020;14:11:16;1,25E+18;seputarinfoindo;Seputar Info Indonesia;Pilkada 2020 Berjalan Aman, Lancar dan Tertib  #PilkadaAmanDanSehat #PilkadaTaatiProkes #PilkadaSerentak2020 #Pilkada2020  https://t.co/ZMOlJKtLo8;in;['pilkada2020', 'pilkadaserentak2020', 'satgasnusantara'];POS
105;2020-12-26 14:05:30 SE Asia Standard Time;26/12/2020;14:05:30;109149190;nasdem;Partai NasDem;Ini merupakan prestasi NasDem yang cukup membanggakan di Kabupaten Lingga. Selamat atas kemenangannya, selamat bekerja membawa perubahan bagi Kab. Lingga menjadi lebih baik.  Salam Restorasi Indonesia ????  #KaderNasDem #Pilkada2020 #NasDemLingga;in;['pilkada2020', 'pilkadaserentak2020'];POS
106;2020-12-26 13:12:33 SE Asia Standard Time;26/12/2020;13:12:33;1,34E+18;hilmilalu1;Hilmi Nadjamudin;Selesai Penghitungan suara OTW Bulan  #pilkada2020  https://t.co/VM8CFnWNf4;in;['pilkada2020', 'pilkadaserentak2020', 'satgasnusantara'];POS
107;2020-12-26 11:42:13 SE Asia Standard Time;26/12/2020;11:42:13;1,34E+18;jurnaldunia1;Jurnal Dunia;Saat Teddy dan Rizky Febian dan Putri Delina membuka suara Anak-anak Sule Berseteru Harta Dari ALM. Lina #liputan6 #detikcom #kompas #tvonenews #transtv #rizkyfebian #putridelina #sule #JURNALDUNIA #beritaViral #covid19 #NewsUpdate #Jokowi #Pilkada2020  https://t.co/VRwHOkmZVF;in;['pilkada2020'];POS
108;2020-12-26 11:40:59 SE Asia Standard Time;26/12/2020;11:40:59;9,64E+17;tabanan_polres;Polres Tabanan;Waspada Hoax, Stop Ujaran Kebencian Sukseskan Pilkada 2020 Yang Aman, Damai, Sehat dan Sejuk, Netralitas Polri Harga Mati Patuhi Protokol Kesehatan #pilkada2020 #pilkadaserentak2020 #SatgasNusantara  https://t.co/HiOEy6Zf92;in;['pilkada2020'];POS
109;2020-12-26 10:32:55 SE Asia Standard Time;26/12/2020;10:32:55;1,26E+18;kaptendarwin99;Darwin is Back????;#Pilkada2020 #pilkadasehatnogolput #pilkadapatuhiaturan  https://t.co/elG9Gdiftu;und;['pilkada2020'];POS
110;2020-12-26 10:32:40 SE Asia Standard Time;26/12/2020;10:32:40;1,26E+18;kaptendarwin99;Darwin is Back????;#Pilkada2020 #pilkadasehatnogolput #pilkadapatuhiaturan  https://t.co/gDkSTQ5UTZ;und;['pilkada2020', 'indonesiamaju'];POS
111;2020-12-26 09:18:21 SE Asia Standard Time;26/12/2020;09:18:21;45070499;ardiankusuma;Ardian Kusuma;Habis nyalahin terus mau cuci tangan pakai tagar #pilkada2020 ??;in;['headlinekaltim', 'kukar', 'pilkada2020'];POS
112;2020-12-26 09:15:23 SE Asia Standard Time;26/12/2020;09:15:23;553666338;rantaipersatuan;Rantai Persatuan;Kesuksesan Pilkada Serentak 2020 terlihat dari tingginya tingkat partisipasi masyarakat dan tidak adanya lonjakan kasus Covid-19. Apabila ada ketidakpuasan silakan ajukan gugatan melalui Mahkamah Konstitusi.  #Pilkada2020 #IndonesiaMaju  https://t.co/SZSr4esBmW;in;['wartatasik', 'beritaterkini', 'politikhukum', 'yantooce', 'ppp', 'pilkada2020', 'tasikmalaya'];POS
113;2020-12-25 20:31:05 SE Asia Standard Time;25/12/2020;20:31:05;1,29E+18;headlinekaltim;headlinekaltim.co;Putusan DKPP yang telah memutuskan merehabilitasi nama baik KPU Kutai Kartanegara (Kukar) dinilai Komisioner Divisi Teknis, Nofand Surya Gafilah, sudah tepat. Sehingga dapat disimpulkan KPU Kukar tidak bersalah. #HeadlineKaltim #Kukar #Pilkada2020  https://t.co/xGncrcMOTj;in;['pilkada2020', 'pilkadaserentak2020', 'satgasnusantara'];POS
114;2020-12-25 20:07:50 SE Asia Standard Time;25/12/2020;20:07:50;784049653;wartatasikcom;Redaksi Wartatasik.com;"Yanto Oce Direstui Para Majelis PPP Kota Tasik: Dia Baik, Fleksibel dan Berjiwa Sosial Tinggi &gt;&gt;&gt;  https://t.co/z5iArDYVVC   #wartatasik #beritaterkini #politikhukum #yantooce #PPP #Pilkada2020 #tasikmalaya @partaikabah @yantooce";in;['pilkada2020', 'pilkadaserentak2020', 'satgasnusantara'];POS
115;2020-12-25 14:12:16 SE Asia Standard Time;25/12/2020;14:12:16;781317878;uyarsahaja;uyaí«ŒÂ? sahaja;WOWWWW.... biaya pilkada yg paling murah ? smg pertahana 01 bisa dikalahkan di MK @dennyindrayana #pilkada2020   WAH!! IKUT PILGUB KALSEL, DENNY äóÁí?í‡CUMAäóÁí?ŒÈ HA    BIS 7,5 MILIAR!! I Dicecar Show...  https://t.co/PyOthl71Cn @YouTube;in;['pilkada2020', 'pilkadaserentak2020', 'satgasnusantara'];POS
116;2020-12-25 08:50:54 SE Asia Standard Time;25/12/2020;08:50:54;1,26E+18;senhusen99;Jalalaein Husen????;#Pilkada2020 #pilkadasehatnogolput #pilkadapatuhiaturan  https://t.co/12o3J2Nojy;und;['kpumedan', 'kpumelayani', 'medan', 'pilkadamedan2020', 'pilkada2020', 'pilkadamedan'];POS
117;2020-12-25 00:24:23 SE Asia Standard Time;25/12/2020;00:24:23;1,22E+18;anggidhwan;Anggi Autumn;#PILKADA2020 #STOPBLACKCAMPAIGN  https://t.co/Z5BpQTMbcX;und;['pilkada2020'];POS
118;2020-12-25 00:23:18 SE Asia Standard Time;25/12/2020;00:23:18;1,22E+18;anggidhwan;Anggi Autumn;#PILKADA2020 #STOPBLACKCAMPAIGN  https://t.co/QFIzNFBwrI;und;['pilkada2020', 'pilkadaserentak2020', 'satgasnusantara'];POS
119;2020-12-24 15:30:00 SE Asia Standard Time;24/12/2020;15:30:00;8,31E+17;indonesiabaikid;Indonesia Baik;Hi sohIB, penghitungan suara Pemilihan Serentak 2020 masih berlangsung, lho. Kalau mau tahu update-nya, kamu bisa cek di  https://t.co/BtLXcSu9IC ya #IndonesiaBaik #YangMudaSukaData #Infografis #ProgramPemerintah #RekapitulasiSuara #PemilihanSerentak2020 #Pilkada2020 #COVID19  https://t.co/hFVRS6nePq;in;['kpumedan', 'kpumelayani', 'medan', 'pilkadamedan2020', 'pilkada2020', 'pilkadamedan'];POS
120;2020-12-24 12:12:01 SE Asia Standard Time;24/12/2020;12:12:01;9,27E+17;informan_exe;informan.exe;#Pilkada #Pilkada2020 #Indonesia #NKRI #Politik  https://t.co/Nylsefmk8a;und;['pilkada2020'];POS
121;2020-12-24 09:35:13 SE Asia Standard Time;24/12/2020;09:35:13;1,24E+18;sarimita10;Sari_Mita;#PilkadaSerentak #Pilkada2020 #pilkadasehattaati3m  https://t.co/SQyhdfDjc5;und;['ponorogo', 'pilkada2020'];POS
122;2020-12-24 08:43:33 SE Asia Standard Time;24/12/2020;08:43:33;553666338;rantaipersatuan;Rantai Persatuan;Pilkada sudah usai, saatnya kita bersama-sama membangun daerah. Dukung paslon yang terpilih, jaga perdamaian.  #Pilkada2020 #IndonesiaMaju  https://t.co/sLxbwXm7WN;in;['pilkada2020', 'bawaslumengawasi', 'cegahawasitindak', 'partisipasimasyarakat'];POS
123;2020-12-24 00:08:12 SE Asia Standard Time;24/12/2020;00:08:12;69183155;detikcom;detikcom;Enam orang KPU Ponorogo positif COVID-19 hingga kantor lockdown. Itu merupakan hasil tes swab yang diikuti 38 orang usai menggelar Pilkada 2020. #Ponorogo #Pilkada2020  https://t.co/k9XKPc1eL4;in;['bawaslujatim', 'bawaslujawatimur', 'sahabatbawaslu', 'salamawas', 'ayoawasi', 'bawaslumengawasi', 'cegah', 'awasi', 'tindak', 'pilkada2020'];POS
124;2020-12-23 22:03:02 SE Asia Standard Time;23/12/2020;22:03:02;79130206;jpnncom;JPNN.com;KPU Kalsel mengklaim telah melaksanakan seluruh proses dan tahapan Pilkada 2020 sesuai dengan ketentuan. #Pilkada2020  https://t.co/9v9aY6lZL3;in;['pilkadadamai', 'pilkadacintankri', 'pilkada2020'];POS
125;2020-12-23 21:14:18 SE Asia Standard Time;23/12/2020;21:14:18;8,87E+17;bawaslujatim;Bawaslu Jatim;369 Pengawai Non PNS Bawaslu se-Jatim Ikuti Evaluasi Tahunan dengan CAT  Cek selengkapnya di:  https://t.co/bqR0JFRrPX  #bawaslujatim #bawaslujawatimur #sahabatbawaslu #salamawas #ayoawasi #bawaslumengawasi #cegah #awasi #tindak #pilkada2020;in;['pilkada2020serentak', 'pilkada2020', 'kpu', 'bawaslu', 'pilkada', 'politik', 'kampanye', 'tps', 'lampung', 'lampostco'];POS
126;2020-12-23 21:02:50 SE Asia Standard Time;23/12/2020;21:02:50;1,32E+18;polsekbinangu10;polsek Binangun;Mari kita wujudkan pilkada damai dengan menghargai dan mendukung hasil pilkada #pilkadadamai #pilkadacintaNKRI #pilkada2020  https://t.co/qwVJpzSYRB;in;['pemilihanserentak', 'pemilihanserentak2020', 'pilkada2020', 'kemkominfo'];POS
127;2020-12-23 20:36:51 SE Asia Standard Time;23/12/2020;20:36:51;1,19E+18;alfariz74346453;Alfa Rizki;Wujud kepercayaan masyarakat terhadap proses demokrasi  #pilkada  #pilkada2020  https://t.co/tPyx0z4cTR;in;['pemilihanserentak', 'pemilihanserentak2020', 'pilkada2020', 'kemkominfo'];POS
128;2020-12-23 17:49:09 SE Asia Standard Time;23/12/2020;17:49:09;9,62E+17;lampostco;Lampung Post (Official);Dua orang saksi awal yang hadir dalam sidang penanganan pelanggaran administrasi TSM Pilkada Lamteng menampik adanya politik uang yang dilakukan paslon 02. #pilkada2020serentak #Pilkada2020 #kpu #bawaslu #pilkada #Politik #kampanye #TPS #lampung #lampostco  https://t.co/IzyllFLWjW;in;['pemilihanserentak', 'pemilihanserentak2020', 'pilkada2020'];POS
129;2020-12-23 14:11:58 SE Asia Standard Time;23/12/2020;14:11:58;1,31E+18;polsek99071119;Polsek_jujuhan;Silaturahmi Anggota Bhabinkamtibmas Polsek Jujuhan dengan Perangkat Ds. Rantau Ikil Kec. Jujuhan  #NetralitasPolri #NetralitasPolresBungo #polresbungosmart #Pilkada2020 #pakemasker #cegahcovid19 @protokolkesehatan @polresbungosmart @humaspolresbungo @divisihumaspolri  https://t.co/CHXOjReK8K;in;['pemilihanserentak', 'pemilihanserentak2020', 'pilkada2020', 'kemkominfo'];POS
130;2020-12-23 14:02:28 SE Asia Standard Time;23/12/2020;14:02:28;2714691272;smartizen_;IslamToday ID;Bareskrim Usut 34 Pelanggaran Protokol Kesehatan saat Pilkada, 45 Tersangka  #bareskrim #Pilkada2020   https://t.co/HjRieUeQHL;in;['pilkadadamai', 'pilkadacintankri', 'pilkada2020'];POS
131;2020-12-23 13:48:08 SE Asia Standard Time;23/12/2020;13:48:08;8,50E+17;kupastuntasnew;kupas_tuntas.co;Saksi Terlapor Belum Hadir, Sidang Gugatan Pelanggaran TSM Diskors  #pilkada2020 #pilkadasehatnogolput #pilkadaserentak2020 #sengketa   https://t.co/gzXHEXfyrY;in;['pemilihanserentak', 'pemilihanserentak2020', 'pilkada2020'];POS
132;2020-12-23 13:46:52 SE Asia Standard Time;23/12/2020;13:46:52;7,46E+17;ivooxid;Ivoox Indonesia;Langkah Kemkominfo yang melakukan pemblokiran hoaks dan penurunan (take down) konten tertentu di ruang digital publik jangan diartikan sebagai bentuk antidemokrasi.  Selengkapnya di  https://t.co/77HbOYN1ov  #pemilihanserentak #pemilihanserentak2020 #pilkada2020 #kemkominfo  https://t.co/C0eF7uYzZt;in;['pilkada2020'];POS
133;2020-12-23 12:39:27 SE Asia Standard Time;23/12/2020;12:39:27;1,29E+18;9pemain;Pemain No.9;jangan ada politik balas budi #pilkada2020  https://t.co/eZvPgRFGJX;in;['pemilihanserentak', 'pemilihanserentak2020', 'pilkada2020', 'kemkominfo'];POS
134;2020-12-23 12:38:38 SE Asia Standard Time;23/12/2020;12:38:38;1,29E+18;9pemain;Pemain No.9;mari bersatu kembali #pilkada2020  https://t.co/jaQBqzoDqa;in;['pilkada2020', 'pilkadaserentak2020', 'satgasnusantara'];POS
135;2020-12-23 11:41:57 SE Asia Standard Time;23/12/2020;11:41:57;1,31E+18;polsek99071119;Polsek_jujuhan;Silaturahmi Anggota Bhabinkamtibmas Polsek Jujuhan dengan Perangkat Ds. Sirih Sekapur Kec. Jujuhan  #NetralitasPolri #NetralitasPolresBungo #polresbungosmart #Pilkada2020 #pakemasker #cegahcovid19 @protokolkesehatan @polresbungosmart @humaspolresbungo @divisihumaspolri  https://t.co/Nf0Io69M3k;in;['pilkada2020', 'pilkadaserentak2020', 'satgasnusantara'];POS
136;2020-12-23 11:36:30 SE Asia Standard Time;23/12/2020;11:36:30;7,46E+17;ivooxid;Ivoox Indonesia;Angka partisipasi Pemilihan Serentak 2020 mencapai 75,83 persen, mengalahkan angka partisipasi Pemilu Amerika Serikat.   Selengkapnya di  https://t.co/WWCgrFhvOW  #pemilihanserentak #pemilihanserentak2020 #pilkada2020 #kemkominfo  https://t.co/reP8zyQ6EG;in;['pilkada2020', 'pilkadaserentak2020', 'satgasnusantara'];POS
137;2020-12-23 11:30:28 SE Asia Standard Time;23/12/2020;11:30:28;1,10E+18;bawaslukotacrb;BAWASLU KOTA CIREBON;Berdasarkan data Bawaslu, dari 262 dugaan pelanggaran politik uang pada Pemilihan Serentak 2020 yang telah sampai pengkajian dan penyidikan, terdapat 197 laporan masyarakat dan 65 kasus merupakan temuan Bawaslu.   #Pilkada2020 #BawasluMengawasi #repost @bawaslu_RI @Bawaslu_Jabar  https://t.co/ziyKnOX8u1;in;['pilkada2020', 'pilkadasehatpatuhprokes', 'pilkadaserentak2020', 'pilkadatanpakerumunan', 'indonesiamaju', 'indonesiahebat', 'bangkitdaripandemi', 'pilkada2020'];POS
138;2020-12-23 10:59:09 SE Asia Standard Time;23/12/2020;10:59:09;9,64E+17;tabanan_polres;Polres Tabanan;Stop Anarkisme, Stop Radikalisme Waspada Provokasi, Hoax dan Ujaran Kebencian, Sampaikan Aspirasi Dengan Bijak Dan Santun.  #pilkada2020 #pilkadaserentak2020 #satgasnusantara  https://t.co/bpwosFdvLg;in;['pilkada2020'];POS
139;2020-12-23 10:31:03 SE Asia Standard Time;23/12/2020;10:31:03;9,75E+17;dacrniel;Randy Aldino;Pandemi Covid-19 tak menjadi rintangan dalam Pilkada 2020. #Pilkada2020  https://t.co/7IDDAgCVGx;in;['pilkadadamai', 'pilkadacintankri', 'pilkada2020'];POS
140;2020-12-23 09:46:47 SE Asia Standard Time;23/12/2020;09:46:47;9,26E+17;mustofa_somad;Mustofa Somad;#PilkadaSerentak #Pilkada2020 #pilkadasehattaati3m  https://t.co/t7Kmkal0G0;und;['pemilihanserentak2020', 'indonesiabaik', 'yangmudasukadata', 'infografis', 'programpemerintah', 'pilkada2020', 'covid19'];POS
141;2020-12-23 09:46:15 SE Asia Standard Time;23/12/2020;09:46:15;1,19E+18;suryono46350704;Suryono;Saatnya Kita Bersatu Demi Membangun Daerah  #Pilkada2020  https://t.co/mI6TF3hhPM;in;['pemilihanserentak', 'pemilihanserentak2020', 'pilkada2020'];POS
142;2020-12-23 08:58:05 SE Asia Standard Time;23/12/2020;08:58:05;1,26E+18;kaptendarwin99;Darwin is Back????;#Pilkada2020  https://t.co/nTmcEVWNZc;und;['pemilihanserentak', 'pemilihanserentak2020', 'pilkada2020', 'kemkominfo'];POS
143;2020-12-23 08:57:43 SE Asia Standard Time;23/12/2020;08:57:43;1,26E+18;kaptendarwin99;Darwin is Back????;#Pilkada2020  https://t.co/QHEwYIicoN;und;['pilkadaamandansehat', 'pilkadataatiprokes', 'pilkadaserentak2020', 'pilkada2020'];POS
144;2020-12-23 08:57:32 SE Asia Standard Time;23/12/2020;08:57:32;1,26E+18;kaptendarwin99;Darwin is Back????;#Pilkada2020  https://t.co/JQLRRZQthI;und;['pilkadaamandansehat', 'pilkadataatiprokes', 'pilkadaserentak2020', 'pilkada2020'];POS
145;2020-12-23 08:56:28 SE Asia Standard Time;23/12/2020;08:56:28;7,46E+17;ivooxid;Ivoox Indonesia;Presiden Jokowi memberikan perhatian khusus terhadap dunia digital di Indonesia. Ia mengingatkan para netizen untuk menggunakan ruang digital dalam hak yang positif.  Selengkapnya di  https://t.co/7o1XQUkjgD  #pemilihanserentak #pemilihanserentak2020 #pilkada2020 #kemkominfo  https://t.co/V2bSR8xd2u;in;['pilkadaamandansehat', 'pilkadataatiprokes', 'pilkadaserentak2020', 'pilkada2020'];POS
146;2020-12-23 08:55:05 SE Asia Standard Time;23/12/2020;08:55:05;553666338;rantaipersatuan;Rantai Persatuan;Pandemi terbukti tidak menjadi rintangan dalam proses berdemokrasi. Pilkada 2020 sudah usai saatnya membangun daerah. Waspadai juga politik balas budi pasca Pilkada.  #Pilkada2020 #IndonesiaMaju  https://t.co/3Z3HNXWo8k;in;['pilkadaamandansehat', 'pilkadataatiprokes', 'pilkadaserentak2020', 'pilkada2020'];POS
147;2020-12-23 08:53:58 SE Asia Standard Time;23/12/2020;08:53:58;1,25E+18;seputarinfoindo;Seputar Info Indonesia;Pilkada 2020 Berjalan Aman, Lancar dan Tertib  #PilkadaAmanDanSehat #PilkadaTaatiProkes #PilkadaSerentak2020 #Pilkada2020  https://t.co/fTc3KPsvIN;in;['pilkadaamandansehat', 'pilkadataatiprokes', 'pilkadaserentak2020', 'pilkada2020'];POS
148;2020-12-23 08:50:28 SE Asia Standard Time;23/12/2020;08:50:28;1,32E+18;marzia_kartika;?Marzia Kartika??????;#Pilkada2020  https://t.co/VBE0nw7m12;und;['pilkadadamai', 'pilkadacintankri', 'pilkada2020'];POS
149;2020-12-23 08:50:13 SE Asia Standard Time;23/12/2020;08:50:13;1,32E+18;marzia_kartika;?Marzia Kartika??????;#Pilkada2020  https://t.co/Ul1vDcvUx7;und;['pilkadadamai', 'pilkadacintankri', 'pilkada2020'];POS
150;2020-12-23 08:50:03 SE Asia Standard Time;23/12/2020;08:50:03;1,32E+18;marzia_kartika;?Marzia Kartika??????;#Pilkada2020  https://t.co/8BNxAKVpy5;und;['pilkadadamai', 'pilkadacintankri', 'pilkada2020'];POS
151;2020-12-23 08:49:27 SE Asia Standard Time;23/12/2020;08:49:27;7,10E+17;ifan44528813;polsek wates;Mari kita wujudkan pilkada damai dengan menghargai dan mendukung hasil pilkada #pilkadadamai #pilkadacintaNKRI #pilkada2020  https://t.co/e8P1yjLDk8;in;['pilkada2020', 'pilkadasehatpatuhprokes', 'pilkadaserentak2020', 'pilkadatanpakerumunan', 'indonesiamaju', 'indonesiahebat', 'bangkitdaripandemi', 'pilkada2020'];POS
152;2020-12-23 08:45:53 SE Asia Standard Time;23/12/2020;08:45:53;1100640235;dikapradik;dika pramono;#pilkada2020  https://t.co/R3HDW4msmw;und;['pilkada2020', 'pilkadasehatpatuhprokes', 'pilkadaserentak2020', 'pilkadatanpakerumunan', 'indonesiamaju', 'indonesiahebat', 'bangkitdaripandemi', 'pilkada2020'];POS
153;2020-12-23 08:30:34 SE Asia Standard Time;23/12/2020;08:30:34;9,98E+17;polsekwonotirto;Polsek Wonotirto;Mari kita wujudkan pilkada damai dengan menghargai dan mendukung hasil pilkada #pilkadadamai #pilkadacintaNKRI #pilkada2020  https://t.co/Guq2pI1xue;in;['pilkada2020', 'pilkadasehatpatuhprokes', 'pilkadaserentak2020', 'pilkadatanpakerumunan', 'indonesiamaju', 'indonesiahebat', 'bangkitdaripandemi', 'pilkada2020'];POS
154;2020-12-23 08:16:32 SE Asia Standard Time;23/12/2020;08:16:32;1,27E+18;selopurohumas;humas selopuro news;Mari kita wujudkan pilkada damai dengan menghargai dan mendukung hasil pilkada #pilkadadamai #pilkadacintaNKRI #pilkada2020  https://t.co/lHqkLvTMYO;in;['pilkadadamai', 'pilkadacintankri', 'pilkada2020'];POS
155;2020-12-23 08:02:09 SE Asia Standard Time;23/12/2020;08:02:09;1,27E+18;brambudi9;Nusantara_Update;Pilkada aman semoga pemimpin terpilih amanah . #Pilkada2020 #PilkadaSehatPatuhProkes #pilkadaserentak2020 #PilkadaTanpaKerumunan #IndonesiaMaju #Indonesiahebat #BangkitdariPandemi #Pilkada2020 ....  https://t.co/aUakVVCYxH;in;['sumut', 'pilkada2020'];POS
156;2020-12-23 08:02:07 SE Asia Standard Time;23/12/2020;08:02:07;1,27E+18;brambudi9;Nusantara_Update;Partisipasi pilkada cukup tinggi . #Pilkada2020 #PilkadaSehatPatuhProkes #pilkadaserentak2020 #PilkadaTanpaKerumunan #IndonesiaMaju #Indonesiahebat #BangkitdariPandemi #Pilkada2020 ....  https://t.co/eow1aPaDWK;in;['pilkada2020'];POS
157;2020-12-23 08:02:05 SE Asia Standard Time;23/12/2020;08:02:05;1,27E+18;brambudi9;Nusantara_Update;Alhamdulillah protokol kesehatan berjalan aman dan lancar . #Pilkada2020 #PilkadaSehatPatuhProkes #pilkadaserentak2020 #PilkadaTanpaKerumunan #IndonesiaMaju #Indonesiahebat #BangkitdariPandemi #Pilkada2020 ....  https://t.co/uaNHNNLnRD;in;['pemilihanserentak', 'pemilihanserentak2020', 'pilkada2020'];POS
158;2020-12-23 07:45:19 SE Asia Standard Time;23/12/2020;07:45:19;1,33E+18;hkanigoro;HumasPolsekKanigoro;Mari kita wujudkan pilkada damai dengan menghargai dan mendukung hasil pilkada #pilkadadamai #pilkadacintaNKRI #pilkada2020  https://t.co/WfqhOF6zyU;in;['pemilihanserentak', 'pemilihanserentak2020', 'pilkada2020'];POS
159;2020-12-23 02:53:43 SE Asia Standard Time;23/12/2020;02:53:43;69183155;detikcom;detikcom;KPU di 23 kabupaten/kota se-Sumut telah menuntaskan rekapitulasi penghitungan suara. Bagaimana nasib sejumlah keluarga pejabat yang maju Pilkada? #Sumut #Pilkada2020  https://t.co/LFxbEKujpq;in;['pemilihanserentak', 'pemilihanserentak2020', 'pilkada2020', 'kemkominfo'];POS
160;2020-12-22 23:33:31 SE Asia Standard Time;22/12/2020;23:33:31;7,46E+17;ivooxid;Ivoox Indonesia;Presiden selalu menyampaikan pentingnya inovasi dalam strategi pembangunan berkelanjutan. Apalagi target Tujuan Pembangunan Berkelanjutan atau SDGs semakin berat di era pandemi ini.  Selengkapnya di  https://t.co/NRNwN6g5Xi  #pemilihanserentak #pemilihanserentak2020 #pilkada2020  https://t.co/WMhxEHYTf4;in;['pemilihanserentak', 'pemilihanserentak2020', 'pilkada2020'];POS
161;2020-12-22 22:31:02 SE Asia Standard Time;22/12/2020;22:31:02;7,46E+17;ivooxid;Ivoox Indonesia;Jelang hari pemungutan suara beberapa waktu lalu, KPU menggelar rapat koordinasi eksternal dengan Mahkamah Konstitusi dalam menghadapi tahapan perselisihan hasil Pemilihan di MK.  Selengkapnya di  https://t.co/5jYuPtoLL2  #pemilihanserentak #pemilihanserentak2020 #pilkada2020  https://t.co/cZJ21LRAPy;in;['sumbar', 'inewssumbar', 'pilgub', 'pilkada2020', 'inewsid', 'inibaruberita'];POS
162;2020-12-22 21:55:17 SE Asia Standard Time;22/12/2020;21:55:17;7,46E+17;ivooxid;Ivoox Indonesia;Pemilihan Serentak 2020 yang merupakan program nasional untuk suksesi kepemimpinan lokal dinilai harus efektif melahirkan pemimpin yang mampu menyejahterakan rakyat.  Selengkapnya di  https://t.co/Tk0S0deKTm  #pemilihanserentak #pemilihanserentak2020 #pilkada2020 #kemkominfo  https://t.co/iPYQ6d4JXQ;in;['dkppri', 'kenalidkpp', 'pilkada2020', 'kepp'];POS
163;2020-12-22 19:36:03 SE Asia Standard Time;22/12/2020;19:36:03;740083698;dkpp_ri;DKPP_RI;Evaluasi Pilkada 2020, Didik Supriyanto Ingatkan Asas Profesionalitas   https://t.co/F4Mxly4uoV  #DKPPRI #kenaliDKPP #Pilkada2020 #KEPP;in;['rahmatbagja', 'evaluasi', 'pilkada2020'];POS
164;2020-12-22 14:17:23 SE Asia Standard Time;22/12/2020;14:17:23;1566069348;umr_55;?????Politic_NKRI????;#pilkada2020  #pilkadadamaitaatprokes  https://t.co/zoKPJTUVCP;und;['nasdempeduli', 'kadernasdem', 'nasdemantimahar', 'pilkada2020'];POS
165;2020-12-22 14:17:18 SE Asia Standard Time;22/12/2020;14:17:18;1566069348;umr_55;?????Politic_NKRI????;#pilkada2020  #pilkadadamaitaatprokes  https://t.co/CoD9KdSyY0;und;['pilkada2020', 'pilkadaserentak2020', 'satgasnusantara'];POS
166;2020-12-22 14:16:37 SE Asia Standard Time;22/12/2020;14:16:37;7,46E+17;ivooxid;Ivoox Indonesia;dengan bersama-sama mengklarifikasi berita-berita hoaks dan menutup konten negatif lain seperti ujaran kebencian, dengan konten-konten positif.  #pilkadaserentak #pilkada2020 #pemilihanserentak #pemilihanserentak2020  https://t.co/ljXCvEBd0s;in;['pilkada2020', 'pilkadaserentak2020', 'satgasnusantara'];POS
167;2020-12-22 14:00:01 SE Asia Standard Time;22/12/2020;14:00:01;1,29E+18;acuantodaycom;Acuantodaycom;Ada 123 Sengketa Perselisihan di Pilkada Serentak 2020. #pilkada2020 @PilkadaWatch   https://t.co/TcFkD0EPOQ;in;['pilkada2020', 'pilkadaserentak2020', 'satgasnusantara'];POS
168;2020-12-22 13:20:47 SE Asia Standard Time;22/12/2020;13:20:47;109149190;nasdem;Partai NasDem;Selamat atas kemenangannya, mari waktunya kita bekerja dan bawa arus perubahan untuk Boltim yang lebih baik lagi.  Salam Restorasi Indonesia ????  #NasDemPeduli #KaderNasDem #NasDemAntiMahar #pilkada2020;in;['bawaslujatim', 'bawaslujawatimur', 'sahabatbawaslu', 'salamawas', 'ayoawasi', 'bawaslumengawasi', 'cegah', 'awasi', 'tindak', 'pilkada2020', 'penghargaan'];POS
169;2020-12-22 12:41:50 SE Asia Standard Time;22/12/2020;12:41:50;64635651;serambinews;Serambi Indonesia;#Pilkada2020 #RealCountKPU #HasilPilkada2020 #Maluku #MalukuUtara |  DI Provinsi Maluku, terdapat 4 daerah yang menggelar Pilkada 2020, yaitu Seram Bagian Timur, Kepulauan Aru, Maluku Barat Daya, dan Buru Selatan.  https://t.co/Xjusn1DlbK;in;['kpumedan', 'kpumelayani', 'medan', 'pilkadamedan2020', 'pilkada2020', 'pilkadamedan'];POS
170;2020-12-22 11:55:35 SE Asia Standard Time;22/12/2020;11:55:35;1,34E+18;bramaprisman;Prisman Brama Putra;Akan banyak jadi pahlawan kesiangan.  #pilkada2020;in;['mk', 'pilkada2020'];POS
171;2020-12-22 10:48:08 SE Asia Standard Time;22/12/2020;10:48:08;69183155;detikcom;detikcom;Sebanyak 102 hasil Pilkada serentak 2020 digugat ke Mahkamah Konstitusi (MK) hingga Senin petang. Berikut rinciannya: #MK #Pilkada2020  https://t.co/VTY6ImfvP2;in;['pilkada2020'];POS
172;2020-12-22 10:29:13 SE Asia Standard Time;22/12/2020;10:29:13;69183155;detikcom;detikcom;Bawaslu Nias Selatan menyatakan pasangan Hilarius Duha-Firman Giawa melakukan pelanggaran dalam Pilkada Nias Selatan 2020. Bawaslu meminta KPU Nias Selatan mendiskualifikasi petahana tersebut. #Pilkada2020 #NiasSelatan  https://t.co/VuQZxP9KLV;in;['pilkada2020'];POS
173;2020-12-22 08:34:03 SE Asia Standard Time;22/12/2020;08:34:03;1,32E+18;marzia_kartika;?Marzia Kartika??????;#Pilkada2020  https://t.co/Xf2A6QUGan;und;['pilkada2020', 'indonesiamaju'];POS
174;2020-12-22 08:33:55 SE Asia Standard Time;22/12/2020;08:33:55;1,32E+18;marzia_kartika;?Marzia Kartika??????;#Pilkada2020  https://t.co/0PqXXG2NZV;und;['pilkada2020', 'pilkadasehatpatuhprokes', 'pilkadaserentak2020', 'pilkadatanpakerumunan', 'indonesiamaju', 'indonesiahebat', 'bangkitdaripandemi', 'pilkada2020'];POS
175;2020-12-22 08:33:44 SE Asia Standard Time;22/12/2020;08:33:44;1,32E+18;marzia_kartika;?Marzia Kartika??????;#Pilkada2020  https://t.co/YltEARfgt4;und;['bawaslujatim', 'bawaslujawatimur', 'sahabatbawaslu', 'salamawas', 'ayoawasi', 'bawaslumengawasi', 'cegah', 'awasi', 'tindak', 'pilkada2020'];POS
176;2020-12-22 08:08:21 SE Asia Standard Time;22/12/2020;08:08:21;8,87E+17;bawaslujatim;Bawaslu Jatim;Evaluasi Pengawasan Pilkada, Jatim 3 Tercepat Laporan Siwaslu  Cek selengkapnya di:  https://t.co/8Qot6B1t8d   #bawaslujatim #bawaslujawatimur #sahabatbawaslu #salamawas #ayoawasi #bawaslumengawasi #cegah #awasi #tindak #pilkada2020;in;['pilkada2020'];POS
177;2020-12-22 04:59:46 SE Asia Standard Time;22/12/2020;04:59:46;1,31E+18;jupriadi2112;Jupriadi;Masyarakat Sumbar itu cadiak Pak, kalaulah sekali dikhianati makanya tenggelam..  Gara2 Pak #Timbul menggerus suara #gerindra  di #Sumbar. #pilkada2020 #pilgubsumbar #mahyeldiaudy #gubernursumbar #sengketapilkada  https://t.co/xXQnge6ywC;in;['pilkadaserentak', 'pilkada2020', 'pemilihanserentak', 'pemilihanserentak2020'];POS
178;2020-12-22 01:39:34 SE Asia Standard Time;22/12/2020;01:39:34;2911375412;rmolbantencom;Republik Merdeka Banten;Hasil Pilkada Tangsel Resmi Digugat Paslon Muhamad-Saraswati Ke MK -  https://t.co/d6vhyP6enD  https://t.co/0MSoLChLEp #pilkada2020 #MK #Tangsel @RahayuSaraswati  https://t.co/2modKTynpG;in;['mahasiswaperiksahoakspilkada2020', 'pilkada2020', 'cekfaktapilkada2020'];POS
179;2020-12-21 17:28:44 SE Asia Standard Time;21/12/2020;17:28:44;153407983;pdi_perjuangan;PDI Perjuangan;Setelah adanya Pleno dari KPUD Kabupaten Grobogan dan memastikan Paslon Sri-Bambang unggul 86,2%. Seketika, Paslon Sri-Bambang mendapatkan semangat dan doa dari berbagai pihak, termasuk Persatuan Wanita Katolik Indonesia.   https://t.co/tDz0qFfAit  #PDIPerjuangan #Pilkada2020;in;['sobatpemilih', 'kpumelayani', 'kpukotapontianak', 'pilkada2020'];POS
180;2020-12-21 15:01:43 SE Asia Standard Time;21/12/2020;15:01:43;124390203;beritakbr;KBR;Jumlah ini masih akan mungkin bertambah seiring masih dilakukannya pemantauan oleh @Bawaslu_RI  #Pilkada2020   https://t.co/s0wY9UiWXC;in;['pilkada2020', 'pilkadadamai', 'pilkadablitar'];POS
181;2020-12-21 14:40:38 SE Asia Standard Time;21/12/2020;14:40:38;69183155;detikcom;detikcom;Gugatan hasil Pilkada 2020 terus berdatangan ke Mahkamah Konstitusi (MK). Hingga hari ini pukul 10.00 WIB, tercatat 87 hasil pilkada yang diperkarakan ke MK, salah satunya kemenangan Dadang Supriatna dan Sahrul Gunawan. #Pilkada2020  https://t.co/xZSWPgI5at;in;['pilkada2020', 'pilkadaserentak2020', 'satgasnusantara'];POS
182;2020-12-21 13:25:39 SE Asia Standard Time;21/12/2020;13:25:39;69183155;detikcom;detikcom;2 Paslon Pilkada di Sulsel, yakni Paslon Pilbup Bulukumba H Askar-Arum Spink dan Paslon Pilbup Pangkep Rahman Assegaf-Muammar Muhayang mengajukan gugatan ke MK. #Pilkada2020 #MK  https://t.co/0zxmojaPKL;in;['pilkada2020', 'pilkadaserentak2020', 'satgasnusantara'];POS
183;2020-12-21 13:24:07 SE Asia Standard Time;21/12/2020;13:24:07;1,07E+18;polsekselorejo;Polsek Selorejo;Hargai perbedaan tetap menerima hasil kemenangan untuk menciptakan pilkada damai dan aman  #pilkada2020 #pilkadadamai #pilkadablitar  https://t.co/VzeQilezQz;in;['pilkada2020', 'pilkadaserentak2020', 'satgasnusantara'];POS
184;2020-12-21 12:53:49 SE Asia Standard Time;21/12/2020;12:53:49;7,18E+17;bawaslujateng;Bawaslu Jateng;TERIMAKASIH PENGAWAS PEMILIHAN 2020  ( https://t.co/ncceXGhOUi)  #Pilkada2020 #BawasluJateng  https://t.co/oVZMtjoPmS;in;['pilkada2020'];POS
185;2020-12-21 12:23:53 SE Asia Standard Time;21/12/2020;12:23:53;2295403266;majalah_gatra;Majalah GATRA;Dewan Pembina @perludem , Titi Anggraini, mengungkapkan perihal kejadian seperti di Solo bisa saja terungkap, sebab beberapa kali pernah ada kasus yang diungkap dan menyebabkan sang pemenang dibatalkan kemenangannya. #Pilkada2020;in;['pilkada2020'];POS
186;2020-12-21 12:23:52 SE Asia Standard Time;21/12/2020;12:23:52;2295403266;majalah_gatra;Majalah GATRA;Kabar beredar, ada dugaan dana ilegal berasal dari salah satu komisioner Komisi Pemilihan Umum (KPU) Surakarta, Bambang Cristanto, yang mengalir ke petugas pemilihan tingkat kelurahan hingga kecamatan. #pilkada2020;in;['pilkada2020'];POS
187;2020-12-21 12:23:50 SE Asia Standard Time;21/12/2020;12:23:50;2295403266;majalah_gatra;Majalah GATRA;Sedangkan paslon Bagyo Wahyono-F.X Supardjo (Bajo) memperoleh 13,5% dengan perolehan 35.113 suara. #Pilkada2020;in;['pilkada2020'];POS
188;2020-12-21 12:23:49 SE Asia Standard Time;21/12/2020;12:23:49;2295403266;majalah_gatra;Majalah GATRA;Di antaranya, masih ada 1.800an warga Tangsel yang tidak masuk ke dalam daftar pemilih. #pilkada2020;in;['pilkada2020'];POS
189;2020-12-21 12:23:48 SE Asia Standard Time;21/12/2020;12:23:48;2295403266;majalah_gatra;Majalah GATRA;Bawaslu Tangsel memberikan catatan khusus mengenai temuan atau pelanggaran selama pelaksanaan pencoblosan di tempat pemungutan suara (TPS). #pilkada2020;in;['pilkada2020'];POS
190;2020-12-21 12:23:47 SE Asia Standard Time;21/12/2020;12:23:47;2295403266;majalah_gatra;Majalah GATRA;Walau hanya diusung oleh Partai @Golkar5 , mereka mampu meraih 235.656 suara atau 40,9%. #Pilkada2020;in;['pilkada2020'];POS
191;2020-12-21 12:23:45 SE Asia Standard Time;21/12/2020;12:23:45;2295403266;majalah_gatra;Majalah GATRA;Hasilnya, dinasti lokaläóÁí?íñdari keluarga bekas Gubernur Banten, Ratu Atut ChosiyahäóÁí?íñmampu memukul mundur klan politik nasional #Pilkada2020;in;['pilkada2020', 'pilkadadamai', 'pilkadablitar'];POS
192;2020-12-21 12:23:45 SE Asia Standard Time;21/12/2020;12:23:45;2295403266;majalah_gatra;Majalah GATRA;Perhitungan suara pilkada serentak 2020 telah usai. Kemenangan pasangan dari dinasti politik sudah solid. Mungkinkah terseret isu kecurangan saat pilkada?  #Pilkada2020;in;['pilkada2020', 'jagankri', 'indonesia', 'damai', 'staysafe', 'jakarta', 'banten'];POS
193;2020-12-21 12:23:44 SE Asia Standard Time;21/12/2020;12:23:44;2295403266;majalah_gatra;Majalah GATRA;Laporan MAJALAH Gatra Pekan ini menurunkan soal Cerita Miring Usai Pilkada #Pilkada2020  https://t.co/TDK4Bbvyjd;in;['pilkada2020', 'jagankri', 'indonesia', 'damai', 'staysafe', 'jakarta', 'banten'];POS
194;2020-12-21 12:21:52 SE Asia Standard Time;21/12/2020;12:21:52;1,33E+18;hkanigoro;HumasPolsekKanigoro;Hargai perbedaan tetap menerima hasil kemenangan untuk menciptakan pilkada damai dan aman  #pilkada2020 #pilkadadamai #pilkadablitar  https://t.co/X52bZngAuk;in;['pilkada2020', 'jagankri', 'indonesia', 'damai', 'staysafe', 'jakarta', 'banten'];POS
195;2020-12-21 12:09:15 SE Asia Standard Time;21/12/2020;12:09:15;1,33E+18;cadeliea;Chaca Mira Adeliea;Kesuksesan Pilkada Di Luar Ekspetasi. . . #pilkada2020 #jagaNKRI #Indonesia #damai #staysafe #jakarta #banten  https://t.co/ubV3RU9Kxu;in;['pilkada2020', 'jagankri', 'indonesia', 'damai', 'staysafe', 'jakarta', 'banten'];POS
196;2020-12-21 12:06:41 SE Asia Standard Time;21/12/2020;12:06:41;1,33E+18;cadeliea;Chaca Mira Adeliea;Angka Partisipasi Pilkada Di Indonesia Lebih Tinggi Dibanding Amerika Serikat dan Korea Selatan. . . #pilkada2020 #jagaNKRI #Indonesia #damai #staysafe #jakarta #banten  https://t.co/hBEzdDRmv2;in;['pilkada2020', 'pilkadadamai', 'pilkadablitar'];POS
197;2020-12-21 12:01:48 SE Asia Standard Time;21/12/2020;12:01:48;1,33E+18;cadeliea;Chaca Mira Adeliea;Pilkada Sukses Karena Banyak Trobosan. . . #pilkada2020 #jagaNKRI #Indonesia #damai #staysafe #jakarta #banten  https://t.co/dw7yyWeCeM;in;['pilkada2020', 'pilkadadamai', 'pilkadablitar'];POS
198;2020-12-21 12:00:19 SE Asia Standard Time;21/12/2020;12:00:19;1,33E+18;cadeliea;Chaca Mira Adeliea;Pilkada Dongkrak Ekonomi, IHSG Menguat Pasca Pilkada Serentak 2020. . . #pilkada2020 #jagaNKRI #Indonesia #damai #staysafe #jakarta #banten  https://t.co/TdduCGyW67;in;['pilkada2020', 'pilkadadamai', 'pilkadablitar'];POS
199;2020-12-21 11:55:25 SE Asia Standard Time;21/12/2020;11:55:25;1,27E+18;selopurohumas;humas selopuro news;Hargai perbedaan tetap menerima hasil kemenangan untuk menciptakan pilkada damai dan aman  #pilkada2020 #pilkadadamai #pilkadablitar  https://t.co/Ppje4Z6x3k;in;['pilkada2020', 'pilkadadamai', 'pilkadablitar'];POS
200;2020-12-21 11:09:54 SE Asia Standard Time;21/12/2020;11:09:54;7,46E+17;ivooxid;Ivoox Indonesia;Diharapkan masyarakat tidak lagi saling menyimpan permusuhan apalagi menebar kebencian dengan berita hoaks di media sosial yang akan memperburuk kesatuan negara.  #pilkadaserentak #pilkada2020 #pemilihanserentak #pemilihanserentak2020  https://t.co/FXCZ454fXM;in;['korupsi', 'pilkada2020', 'partai'];POS
201;2020-12-21 10:40:29 SE Asia Standard Time;21/12/2020;10:40:29;1,27E+18;harianbatampos;Batam Pos;Gugatan Sengketa Hasil Pilkada Terus Bertambah  https://t.co/nRXqeEZszQ via @harianbatampos   #pilkada2020;in;['korupsi', 'pilkada2020', 'partai'];POS
202;2020-12-21 10:05:04 SE Asia Standard Time;21/12/2020;10:05:04;1,12E+18;bundahnya;Bundahnya Al Fatih Azzahra Alila;Betulkah begitu?!?  @palembangbersyariahid #korupsi #pilkada2020 #partai  https://t.co/UIQkExPLLr;in;['pilkada2020'];POS
203;2020-12-21 09:56:00 SE Asia Standard Time;21/12/2020;09:56:00;2714869507;newsmerahputih;newsmerahputih;MK sudah menerima 82 permohonan PHPU Pilkada 2020.  #merahputihcom #mahkamahkonstitusi #pilkada2020  https://t.co/IOMXN5LSk2;in;['korupsi', 'pilkada2020', 'partai'];POS
204;2020-12-21 08:51:32 SE Asia Standard Time;21/12/2020;08:51:32;1,26E+18;senhusen99;Jalalaein Husen????;#Pilkada2020  https://t.co/lrSDW7598W;und;['pilkada2020', 'indonesiamaju'];POS
205;2020-12-21 08:51:26 SE Asia Standard Time;21/12/2020;08:51:26;1,26E+18;senhusen99;Jalalaein Husen????;#Pilkada2020  https://t.co/aTsHOtp0xH;und;['hukumbisnis', 'pilkada2020', 'kepri'];POS
206;2020-12-21 08:01:47 SE Asia Standard Time;21/12/2020;08:01:47;1,23E+18;hukumbisnisnet;Hukum Bisnis;Luar Biasa, Suami Istri Ini Sama-sama Menang Pilkada  #hukumbisnis #pilkada2020 #kepri   https://t.co/fMthrBYd3i;in;['pilkada2020'];POS
207;2020-12-21 07:11:08 SE Asia Standard Time;21/12/2020;07:11:08;1,30E+18;dindapu19910437;dindapurnama;#sayaindonesia #opposite6890 #indonesiabisa #pemerintah #nawacita #indonesia #jokowi #indonesiasehat #indonesiahebat #pilkada #pilkada2020 #kerjanyata #resesi #coronavíë?rus #virus #nkriberpancasilahargamati #NKRI #newnormal2020 #protokolkesehatan  https://t.co/vuJIHwEJFq;und;['pilkada2020', 'pilkadaserentak2020', 'pilgubkaltara2020'];POS
208;2020-12-20 23:15:36 SE Asia Standard Time;20/12/2020;23:15:36;9,69E+17;betzlectric;Nyai;Kelakuan 2 Kader Demokrat gegara kalah telak ama Gibran  hahahahahaa  Memalukan dan memuakkan  Dari sesepuh k anak buah kok sama kelakuannya. Halu n mencak2  #Pilkada2020  @PDemokrat @PDI_Perjuangan  https://t.co/5re1l9AKY4;in;['pilkada2020'];POS
209;2020-12-20 21:12:18 SE Asia Standard Time;20/12/2020;21:12:18;258273585;hasimarfah;hasim arfah;Jenderal Polisi Asal Bugis Zainal Arifin Paliwang Jadi Pati Kedua Menang Pilgub Setelah Murad Ismail  #Pilkada2020  #pilkadaserentak2020  #PilgubKaltara2020    https://t.co/xD2eODE2Ln;in;['bubarkanfpiterorislokal', 'pilkada2020'];POS
210;2020-12-20 20:39:09 SE Asia Standard Time;20/12/2020;20:39:09;1,23E+18;fitrialilla;Lilla Fitria;Pemenang Pilkada jangan ciptakan kerumunan  #Pilkada2020  https://t.co/HuDo5VRR1Y;in;['bubarkanfpiterorislokal', 'pilkada2020'];POS
211;2020-12-20 19:53:37 SE Asia Standard Time;20/12/2020;19:53:37;3244241894;mar33cj;Sakukurata;"@ansar_ahmad_  Selamat &amp; Sukses Pak Ansar -  Ibu Merlin..Sebagai Gubernur dan Wagub Kepri.. #Pilkada2020 via @jpnncom  https://t.co/4QGgofWofK";in;['tangkapanakpaklurah', 'pilkada2020'];POS
212;2020-12-20 14:22:33 SE Asia Standard Time;20/12/2020;14:22:33;1,25E+18;seputarinfoindo;Seputar Info Indonesia;Pilkada Serentak 2020  #PilkadaSerentak2020 #pilkada2020  https://t.co/DESgbJv0Nd;in;['pengawasdisabilitas', 'pilkada2020'];POS
213;2020-12-20 14:22:19 SE Asia Standard Time;20/12/2020;14:22:19;1,25E+18;seputarinfoindo;Seputar Info Indonesia;Pilkada Serentak 2020  #PilkadaSerentak2020 #pilkada2020  https://t.co/yyHDzbHTqh;in;['pilkada2020', 'pilkadasukses', 'indonesia', 'pemilu'];POS
214;2020-12-20 12:23:25 SE Asia Standard Time;20/12/2020;12:23:25;7,18E+17;bawaslujateng;Bawaslu Jateng;"""Terbatas Tapi Tetap Jadi Pengawas"" selengkapnya klik  https://t.co/aISU3wDQ0L  #PengawasDisabilitas #Pilkada2020 @bawaslu_RI  https://t.co/8eOB1tZTUK";in;['pilkada2020'];POS
215;2020-12-20 09:53:08 SE Asia Standard Time;20/12/2020;09:53:08;9,75E+17;dacrniel;Randy Aldino;Pemenang Pilkada 2020 harus tahan diri. Demi menjaga keamanan, kondusifitas serta memutus mata rantai Covid-19. #Pilkada2020  https://t.co/ShrSjwLCNw;in;['pilkada2020'];POS
216;2020-12-20 09:29:57 SE Asia Standard Time;20/12/2020;09:29:57;1,26E+18;senhusen99;Jalalaein Husen????;PEMENANG PILKADA 2020 HARUS TAHAN DIRI Demi menjaga keamanan, kondusivitas, serta memutus mata rantai COVID-19  #Pilkada2020  https://t.co/YU29hxsgwe;in;['pilkada2020'];POS
217;2020-12-20 09:29:51 SE Asia Standard Time;20/12/2020;09:29:51;1,26E+18;senhusen99;Jalalaein Husen????;Dari tahapan pemungutan suara hingga rekapitulasi penghitungan suara sudah terkendali dengan balk. Kita tidak ingin ada klaster COVID-19 baru, tim maupun paslon pemenang Pilkada 2020 tidak perlu euphoria berlebihan  #Pilkada2020  https://t.co/BjrX4sIZtV;in;['pilkada2020', 'pilkadaserentak2020', 'satgasnusantara'];POS
218;2020-12-20 09:29:43 SE Asia Standard Time;20/12/2020;09:29:43;1,26E+18;senhusen99;Jalalaein Husen????;PGI APRESIASI PILKADA SERENTAK SUKSES DIGELAR DI TENGAN PANDEMI  #Pilkada2020  https://t.co/OqBfSJnroL;in;['pilkada2020', 'pilkadaserentak2020', 'satgasnusantara'];POS
219;2020-12-20 09:29:30 SE Asia Standard Time;20/12/2020;09:29:30;1,26E+18;senhusen99;Jalalaein Husen????;KETUA KOMISI II DPR: PILKADA DEMOKRATIS DAN PARTISIPASI PEMILIH TINGGI  #Pilkada2020  https://t.co/LzCk2k2wmC;in;['pilkada2020', 'pilkadaserentak2020', 'satgasnusantara'];POS
220;2020-12-20 09:27:05 SE Asia Standard Time;20/12/2020;09:27:05;9,64E+17;tabanan_polres;Polres Tabanan;Siapapun Pilihannya, Siapapun Pemimpinnya Tetap Jaga Kerukunan dan Nilai Persaudaraan  Sukseskan Pilkada 2020 Yang Aman, Damai, Sehat dan Sejuk, Netralitas Polri Harga Mati Patuhi Protokol Kesehatan #pilkada2020 #pilkadaserentak2020 #SatgasNusantara  https://t.co/CB5rutUp8o;in;['pilkada2020'];POS
221;2020-12-20 09:25:25 SE Asia Standard Time;20/12/2020;09:25:25;9,64E+17;tabanan_polres;Polres Tabanan;Stop Anarkisme, Stop Radikalisme Waspada Provokasi, Hoax dan Ujaran Kebencian, Sampaikan Aspirasi Dengan Bijak Dan Santun.  #pilkada2020 #pilkadaserentak2020 #SatgasNusantara  https://t.co/dmoiny6qg0;in;['pilkada2020'];POS
222;2020-12-20 09:24:52 SE Asia Standard Time;20/12/2020;09:24:52;1,32E+18;marzia_kartika;?Marzia Kartika??????;"Profesor Syarif Hidayat Akademisi Ilmu Politik Unas  ""PARTISIPASI PEMILIH CUKUP TINE DIATAS 70 PERSEN""  #Pilkada2020  https://t.co/RgcjMwDxNX";in;['pilkada2020'];POS
223;2020-12-20 09:24:33 SE Asia Standard Time;20/12/2020;09:24:33;1,32E+18;marzia_kartika;?Marzia Kartika??????;KETUA KOMISI II DPR: PILKADA DEMOKRATIS DAN PARTISIPASI PEMILIH TINGGI  #Pilkada2020  https://t.co/fzRJB3n9cy;in;['pilkada2020'];POS
